1,省分,关键字,关键字级别,分组,关键字种类
2,内蒙古,(提醒) AND (系统) AND (损坏) AND (下载),监控,,
3,内蒙古,(上涨) AND (验证) AND (黑马) AND (建仓),监控,,
4,内蒙古,(一建) AND (真题) AND (保过 OR 包过) AND (见证),监控,,
5,内蒙古,(老师) AND (如需) AND (开) AND (普嘌),监控,,
6,内蒙古,(金相) AND (9点前 OR 9:30前) AND (公示) AND (冲击),监控,,
7,内蒙古,(金相) AND (顾问) AND (消息 OR 牛股 OR 牛gu) AND (3支),监控,,
8,内蒙古,(建造师) AND (资料) AND (代考),监控,,
9,内蒙古,(交流群) AND (QQ) AND (漲亭 OR 涨停),监控,,
10,内蒙古,(二建) AND (原题 OR 圆题) AND (验证),监控,,
11,内蒙古,(金相) AND (三支嘌) AND (封板),监控,,
12,内蒙古,(投者) AND (炒股 OR 吵鼓) AND (博赢),监控,,
13,内蒙古,(金相) AND (投顾) AND (拉伸 OR 拉升),监控,,
14,内蒙古,(增直 OR 增值) AND (普嗵 OR 普通) AND (点数),监控,,
15,内蒙古,(浪淘金) AND (消息) AND (3支),监控,,
16,内蒙古,(智源) AND (3支) AND (板块),监控,,
17,内蒙古,(国地) AND (机打) AND (发票 OR 发漂),监控,,
18,内蒙古,(诚慧) AND (公示) AND (指导),监控,,
19,内蒙古,(拉升) AND (出货) AND (散户),监控,,
20,内蒙古,(专业) AND (制作) AND (窍听 OR 窃听) AND (电),监控,,
21,内蒙古,(短信) AND (使用) AND (手机) AND (位置),监控,,
22,内蒙古,(精锐) AND (移动) AND (3G) AND (保底),监控,,
23,内蒙古,(告知) AND (号码) AND (通话 OR 讯息),监控,,
24,内蒙古,(号码) AND (通话 OR 讯信) AND (电),监控,,
25,内蒙古,(中信) AND (主力) AND (高开),监控,,
26,内蒙古,(汇) AND (班主任) AND (农行) AND (户名),监控,,
27,内蒙古,(会计) AND (包过) AND (后付),监控,,
28,内蒙古,(曾值 OR 增殖) AND (普通 OR 谱嗵) AND (电),监控,,
29,内蒙古,(白银) AND (现货) AND (走势) AND (买卖),监控,,
30,内蒙古,(窃听) AND (号码) AND (制作),监控,,
31,内蒙古,(买进) AND (早盘) AND (拉升),监控,,
32,内蒙古,(班主任) AND (农行) AND (卡号),监控,,
33,内蒙古,(入住) AND (达润御园) AND (发售),监控,,
34,内蒙古,(学员股) AND (大涨) AND (关注),监控,,
35,内蒙古,(拉升) AND (出货) AND (追高),监控,,
36,内蒙古,(波音) AND (充值) AND (百家乐),监控,,
37,内蒙古,(优惠) AND (验后) AND (付费),监控,,
38,内蒙古,(喜讯) AND (十七 OR 17) AND (增值 OR 增殖 OR 曾殖) AND (国地),监控,,
39,内蒙古,(成绩) AND (状元) AND (教育),监控,,
40,内蒙古,(猜中) AND (泼漂 OR 发票) AND (何物 OR 此物),监控,,
41,内蒙古,(老道外) AND (旺铺) AND (专线),监控,,
42,内蒙古,(赢融) AND (消息群) AND (3只缥),监控,,
43,内蒙古,(3只缥) AND (回复) AND (观察),监控,,
44,内蒙古,(司法) AND (分数) AND (保过),监控,,
45,内蒙古,(痔疮) AND (肛肠) AND (手术),监控,,
46,内蒙古,(资金) AND (美洁尔) AND (服务),监控,,
47,内蒙古,(梦想) AND (创业) AND (现金),监控,,
48,内蒙古,(车牌 OR 毕业文凭 OR 驾驶 OR 资格 OR 刻章) AND (付款) AND (电 OR 联 OR TEL OR tel OR Tel),监控,,
49,内蒙古,(消息) AND (3只缥) AND (QQ),监控,,
50,内蒙古,(普通 OR 谱通) AND (增税) AND (17％ OR 百分之十七),监控,,
51,内蒙古,(分析师) AND (技术) AND (牛gu),监控,,
52,内蒙古,(医考 OR 二建 OR 税务) AND (分数) AND (复查),监控,,
53,内蒙古,(财富内线) AND (建仓) AND (出局),监控,,
54,内蒙古,(发票) AND (抵报) AND (减半) AND (详询),监控,,
55,内蒙古,(尾盘) AND (拉升) AND (国金私募,监控,,
56,内蒙古,(办理) AND (抵扣) AND (缥 OR 瞟 OR 帐 OR 账,监控,,
57,内蒙古,(天润庄园) AND (欲购) AND (从速),监控,,
58,内蒙古,(镒超) AND (团購) AND (答谢),监控,,
59,内蒙古,(中信) AND (建仓) AND (高开 OR 拉升),监控,,
60,内蒙古,(被抓) AND (速汇) AND (工行 OR 农行 OR 中行),监控,,
61,内蒙古,(公证) AND (领取) AND (淘宝客服),监控,,
62,内蒙古,(医保 OR 农保) AND (首仿) AND (电话 OR 電話),监控,,
63,内蒙古,(娱乐) AND (首存 OR 多存 OR 二存) AND (多送 OR 赠送 OR 再送),监控,,
64,内蒙古,(股份) AND (午盘 OR 实盘) AND (散户),监控,,
65,内蒙古,(二建) AND (网报 OR 报名 OR 抢报) AND (优路),监控,,
66,内蒙古,(永孜堂) AND (胶囊 OR 片) AND (电话 OR 電話),监控,,
67,内蒙古,(买房 OR 搞房) AND (首付) AND (6万 OR 25万 OR 20套),监控,,
68,内蒙古,(职称) AND (考前 OR 题答 OR 代考) AND (询),监控,,
69,内蒙古,(三个 OR 三個) AND (牛Ｇu OR 代码) AND (QQ),监控,,
70,内蒙古,(9点 OR １０ OR 10) AND (Ｇu漂) AND (QQ OR Q),监控,,
71,内蒙古,(瑞银) AND (布局 OR 仓位) AND (索取),监控,,
72,内蒙古,(单价 OR 急售) AND (满五唯一) AND (安全管家),监控,,
73,内蒙古,(做口 OR 口交) AND (姿势) AND (包夜),监控,,
74,内蒙古,(东方红) AND (沪深) AND (买升 OR 买跌),监控,,
75,内蒙古,(介入 OR 高开) AND (速回) AND (中信),监控,,
76,内蒙古,(新花园) AND (娱乐) AND (存 OR 送),监控,,
77,内蒙古,(精品) AND (服务) AND (愉快),监控,,
78,内蒙古,(愉樂 OR 娱乐) AND (首存 OR 赠) AND (足球 OR 足求 OR 6和彩 OR 6合彩 OR 六合彩),监控,,
79,内蒙古,(拷试 OR 考试 OR 秒考) AND (后付) AND (加Q),监控,,
80,内蒙古,(凤凰网) AND (楼市) AND (成交),监控,,
81,内蒙古,(明发 OR 波音) AND (信誉 OR 提款) AND (返水),监控,,
82,内蒙古,(愉樂 OR 娱樂 ) AND (存 OR 侟 OR 送 OR 赠) AND (查看 OR 网址 OR 网子),监控,,
83,内蒙古,(巨恒) AND (普元) AND (详 OR 祥 OR 询),监控,,
84,内蒙古,(传奇) AND (经典) AND (林溪湾) AND (VIP),监控,,
85,内蒙古,(开 OR 真) AND (发票) AND (点数) AND (电),监控,,
86,内蒙古,(苗药) AND (胶囊) AND (风湿),监控,,
87,内蒙古,(爱人 OR 上司 OR 对手) AND (号码) AND (通话 OR 短信 OR 讯息),监控,,
88,内蒙古,(瑞银) AND (操作) AND (个股),监控,,
89,内蒙古,(造价) AND (原题) AND (后付),监控,,
90,内蒙古,(金相) AND (公示) AND (拉升),监控,,
91,内蒙古,(别墅) AND (物管) AND (铂悦山),监控,,
92,内蒙古,(消息) AND (9:30) AND (3只 OR 3支),监控,,
93,内蒙古,(我司) AND (建仓 OR 买入) AND (股份),监控,,
94,内蒙古,(利用) AND (欺瞒) AND (谨慎),监控,,
95,内蒙古,(首次) AND (牛股) AND (获利),监控,,
96,内蒙古,(黑马) AND (短线) AND (嘉信),监控,,
97,内蒙古,(票 OR 发票) AND (学历 OR 职称) AND (房本 OR 合同),监控,,
98,内蒙古,(提供) AND (增值 OR 增殖 OR 曾值) AND (单据),监控,,
99,内蒙古,(司法) AND (成绩) AND (加分),监控,,
100,内蒙古,(喜讯) AND (曾殖 OR 增值) AND (谱通),监控,,
101,内蒙古,(提供) AND (验证) AND (增值),监控,,
102,内蒙古,(博时) AND (涨停) AND (获利),监控,,
103,内蒙古,(曾殖) AND (普通 OR 谱通) AND (结算),监控,,
104,内蒙古,(易融) AND (QQ OR qq) AND (盈利),监控,,
105,内蒙古,(爸爸去哪儿) AND (幸运) AND (登陆),监控,,
106,内蒙古,(剽 OR 缥 OR 漂 OR 剽剧 OR 缥据) AND (帐 OR 款 OR 价 OR 付 OR 税) AND (135 OR 139 OR 136),监控,,
107,内蒙古,(Gu群) AND (绝招 OR 思路) AND (QQ OR q OR Q),监控,,
108,内蒙古,(国 OR 地 OR 稅 OR 増 OR 值) AND (TEL) AND (进項 OR 收购),监控,,
109,内蒙古,(爸爸去哪儿) AND (幸运) AND (奖金),监控,,
110,内蒙古,(逼真) AND (中华 OR 苏烟 OR 黄鹤楼) AND (软 OR 硬),监控,,
111,内蒙古,(高端) AND (操作) AND (收益),监控,,
112,内蒙古,(壹键 OR 一建) AND (复核) AND (内部 OR 操作),监控,,
113,内蒙古,(登陆 OR 登录) AND (惊喜) AND (验证码),监控,,
114,内蒙古,(更换) AND (联系) AND (被盗 OR 防盗),监控,,
115,内蒙古,(批款 OR 贷款 OR 貣款) AND (保险) AND (泽德丰),监控,,
116,内蒙古,(金店) AND (加盟) AND (央企),监控,,
117,内蒙古,(摇獎 OR 一等獎 OR 獎金 OR 兑獎) AND (验证码) AND (公证),监控,,
118,内蒙古,(服务 OR 商品 OR 建筑 OR 单据) AND (发缥 OR 发票 OR 税票) AND (电 OR 电话 OR 联系),监控,,
119,内蒙古,(3个 OR 3只 OR 三个 OR 三只 OR 9点) AND (牛gu OR 牛股 OR Ｇu剽 OR Ｇu彯) AND (回复 OR 进群),监控,,
120,内蒙古,(美女) AND (开业) AND (地址 OR 电话),监控,,
121,内蒙古,(出售) AND (群发) AND (设备),监控,,
122,内蒙古,(新房) AND (快报 OR 资讯) AND (奥北),监控,,
123,内蒙古,(建仓) AND (获利) AND (回 OR 打) AND (投资),监控,,
124,内蒙古,(增值 OR 税据 OR 国地) AND (致电 OR 联系),监控,,
125,内蒙古,(9 OR 10 OR QQ OR ＱＱ) AND (牛gu OR 牛股 OR Ｇu剽 OR Ｇu彯) AND (回复 OR 进群),监控,,
126,内蒙古,(财务 OR 做账 OR 报销 OR 凭据) AND (普通 OR 增值) AND (电),监控,,
127,内蒙古,(娱乐 OR 娱樂) AND (存 OR 送) AND (反水 OR 返水),监控,,
128,内蒙古,(职英) AND (成绩 OR 资格) AND (包过 OR 联系),监控,,
129,内蒙古,(操盘) AND (买点) AND (万胜),监控,,
130,内蒙古,(瑞银) AND (操作) AND (内线),监控,,
131,内蒙古,(房东 OR 房租) AND (打到 OR 打在) AND (卡),监控,,
132,内蒙古,(爱人 OR 朋友 OR 上司) AND (说话 OR 消息) AND (电 OR 联),监控,,
133,内蒙古,(正规) AND (发票) AND (联系),监控,,
134,内蒙古,(瑞银) AND (实盘) AND (跟庄),监控,,
135,内蒙古,(报名) AND (寄宿) AND (苏州国际外语 OR 苏国外),监控,,
136,内蒙古,(腾讯地产) AND (精装 OR 配套) AND (活动),监控,,
137,内蒙古,(QQ群 OR QQ) AND (三个Ｇu OR 三個Ｇu) AND (免费 OR 免費),监控,,
138,内蒙古,(永孜堂) AND (胶囊 OR 片),监控,,
139,内蒙古,(建仓 OR 买入) AND (拉升 OR 拉高) AND (国海 OR 泰达私募),监控,,
140,内蒙古,(学员 OR 成员 OR 散户) AND (预约热线) AND (鑫盛基金),监控,,
141,内蒙古,(成人用品) AND (充气娃娃) AND (货到付款),监控,,
142,内蒙古,(移民 OR 师 OR 名校 OR 考) AND (学位 OR 投 OR 免费 OR 硕士 OR 全家) AND (绿卡 OR 认可 OR 报名),监控,,
143,内蒙古,(一线 OR 讲座 OR 学历 OR 孩子 OR 保证) AND (突破 OR 需 OR 通过 OR 考试 OR 投资) AND (掌握 OR 名医 OR 师 OR 周期),监控,,
144,内蒙古,(集团) AND (QQ) AND (每天) AND (关注),监控,,
145,内蒙古,(会员) AND (卫生) AND (圆梦 OR 成功) AND (qq),监控,,
146,内蒙古,(万科麓山) AND (精装) AND (搜房),监控,,
147,内蒙古,(回复 OR 回復) AND (获益 OR 赚) AND (QQ OR 知道),监控,,
148,内蒙古,(9点 OR 三個 OR QQ) AND (免费 OR 免費),监控,,
149,内蒙古,(收益 OR 操作3) AND (电 OR 牛股) AND (仁通),监控,,
150,内蒙古,(中信) AND (建仓) AND (下一支 OR 速回),监控,,
151,内蒙古,(华瀚) AND (限量 OR 限时 OR 九折 OR 九哲) AND (詳詢),监控,,
152,内蒙古,(核心 OR 别墅 OR 公馆) AND (长安 OR 公寓) AND (精装 OR 现房 OR 投资),监控,,
153,内蒙古,(回復 OR 回复) AND (QQ OR 50r10) AND (好股 OR 好gǔ),监控,,
154,内蒙古,(早盘 OR 午盘 OR 尾盘) AND (牛股 OR 买入 OR 拉高) AND (仁通 OR 中誉 OR 华夏投资 OR 国金证券),监控,,
155,内蒙古,(建仓) AND (拉涨 OR 拉长) AND (财富资本 OR 长江投资),监控,,
156,内蒙古,(买卖 OR 買卖) AND (范围 OR 区间) AND (免蕡),监控,,
157,内蒙古,(投诉) AND (订购) AND (罚款) AND (拘留),监控,,
158,内蒙古,(买进 OR 建仓) AND (拉涨) AND (详情 OR 电),监控,,
159,内蒙古,(一手 OR 一次) AND (资料 OR 通过 OR 结算) AND (明师助考),监控,,
160,内蒙古,(牛皮癣) AND (治疗) AND (预约 OR 电),监控,,
161,内蒙古,(622188 OR 622202) AND (金 OR 胡),监控,,
162,内蒙古,(路虎 OR 霸道 OR Q5) AND (新 OR 二手) AND (万 OR w) AND (电 OR 联系 OR 拨 OR 咨 OR 热线),监控,,
163,内蒙古,18604868177 AND 发展 AND 合作 AND 工,监控,,
164,内蒙古,(建 OR 介) AND (获利 OR 获益 OR 收益 OR 拉高) AND (专线 OR 内线 OR 预约),监控,,
165,内蒙古,(安全防范设计评估师) AND (取证) AND (联系 OR 电),监控,,
166,内蒙古,(免费 OR 赠送) AND (会计) AND (扣扣 OR 电),监控,,
167,内蒙古,(中奖 OR 摇奖) AND (抽选 OR 领取) AND (联系 OR 电),监控,,
168,内蒙古,(绿地) AND (五百强 OR 500强) AND (海外),监控,,
169,内蒙古,(科目 OR 代码 OR 建造 OR 公务员) AND (事件 OR 经济 OR 行测 OR 申论 OR 工程),监控,,
170,内蒙古,(22314 OR 11223 OR 22113 OR 22132 OR 23123) AND (34523 OR 34221 OR 24312 OR 44231 OR 43123),监控,,
171,内蒙古,(acbaa OR cabac OR bcaba OR bbaac OR aabbc) AND (ddcaa OR cdbac OR ccadc OR dcabc OR ccdda),监控,,
172,内蒙古,(专线 OR 内线 OR 预约 OR 合作 OR 询问) AND (腾达 OR 中信 OR 战略 OR 红创 OR 华盈),监控,,
173,内蒙古,(电 OR 回复 OR 验证 OR 布局) AND (中信 OR 战略 OR 红创 OR 华盈 OR 汇圆),监控,,
174,内蒙古,(首付 OR 首站) AND (地铁 OR 微空间) AND (凯德),监控,,
175,内蒙古,( 代开 OR 提供) AND (服务 OR 建筑 OR 各行) AND (飘 OR 漂 ),监控,,
176,内蒙古,(回复 OR 回復) AND (QQ OR qq OR Fèi OR 6) AND gǚ,监控,,
177,内蒙古,(一建) AND (通过 OR 包过) AND 改分,监控,,
178,内蒙古,(口罩) AND (代理) AND (詢),监控,,
179,内蒙古,(打到) AND (卡) AND (农行 OR 建行 OR 工行) AND (户名),监控,,
180,内蒙古,(BBIN OR cc) AND (福隆) AND (获得 OR 采金 OR 彩金),监控,,
181,内蒙古,(爸 OR 妈 OR 同居 OR 抓 OR 异性) AND (农行 OR 建行 OR 工行 OR 银行 OR 邮政) AND (抓 OR 查获 OR 出事 OR 失 OR 不让) AND (打 OR 汇 OR 出来),监控,,
182,内蒙古,(建行 OR 建设支行 OR 本行 OR 工商银行 ) AND (划出 OR 支出 OR 转走) AND (年费 OR 帐号 OR 卡号) AND (速拨 OR 联系 OR 客服 OR 详询),监控,,
183,内蒙古,(卡坏 OR 失磁 OR 新卡 OR 磁条坏) AND (农行 OR 建行 OR 工行 OR 银行) AND (改打 OR 汇好 OR 汇后 OR 办好),监控,,
184,内蒙古,晚会 AND 笔记本 AND 号,监控,,
185,内蒙古,(1对1 OR 一对一) AND (辅导) AND (授课) AND (退费),监控,,
186,内蒙古,农6228484078565952670王晓瑞,监控,,
187,内蒙古,622848.11982299.10279.,监控,,
188,内蒙古,6215，5817，1600，2123，277,监控,,
189,内蒙古,6215590913001060,监控,,
190,内蒙古,抵押 AND 贷 AND 平安,监控,,
191,内蒙古,6215581716002123277,监控,,
192,内蒙古,6228481198410497276,监控,,
193,内蒙古,6217002990105033124,监控,,
194,内蒙古,6228481198229910279,监控,,
195,内蒙古,6228481190551488511,监控,,
196,内蒙古,6212261707003413886,监控,,
197,内蒙古,6228481998641091479,监控,,
198,内蒙古,6228480758788910779,监控,,
199,内蒙古,6228484078565840370,监控,,
200,内蒙古,6228481198434859576,监控,,
201,内蒙古,6228481581452362211,监控,,
202,内蒙古,6215581302003599417,监控,,
203,内蒙古,6228482578604766272,监控,,
204,内蒙古,6215590913001067790,监控,,
205,内蒙古,6228481198118425777,监控,,
206,内蒙古,(建议 OR 关注) AND (重点票 OR 买卖点) AND (qq OR 股 OR QQ OR Qq),监控,,
207,内蒙古,(大盘),监控,,
208,内蒙古,优酷酷视卡,监控,,
209,内蒙古,刻章 OR 地下钱庄 OR 假钞 OR 隐形喷剂,监控,,
210,内蒙古,一张 AND (一样 OR 同样) AND 卡 AND (他人手机 OR 掌握),监控,,
211,内蒙古,派出所 AND 电 OR 联系 AND 爸 OR 妈,监控,,
212,内蒙古,(二手 OR 套牌 OR 九成) AND 车 AND (售 OR 电),监控,,
213,内蒙古,(快乐大本营) AND (电脑号) AND (号) AND (选),监控,,
214,内蒙古,大本营 AND 笔记本 AND 号,监控,,
215,内蒙古,对方号码 AND (通话 OR 短信) AND 询,监控,,
216,内蒙古,考 AND 付 AND 通过,监控,,
217,内蒙古,(补贴 OR 补助) AND (领 OR 取 OR 领取 OR 处理) AND (询 OR 电 OR 联系 OR 拨),监控,,
218,内蒙古,教育 AND 暑期 AND 辅导 AND 回馈,监控,,
219,内蒙古,(考 OR 教 OR 老外 OR 专家) AND (英语 OR 孩子 OR 辅导 OR 突破 OR 讲) AND (学习 OR 免 OR 提高 OR 提分 OR 签约),监控,,
220,内蒙古,(投资 OR 开 OR 孩子 OR 价 OR 特) AND (体验 OR 房 OR 突破 OR 送) AND (清华 OR 进口 OR 免 OR 报名 OR 询),监控,,
221,内蒙古,(考 OR 费 OR 教 OR 专家 OR 获) AND (提分 OR 名校 OR 量身 OR 提升 ) AND (留学 OR 提高 OR 体验 OR 学位 OR 学习),监控,,
222,内蒙古,(名师) AND (小初高) AND (押题) AND (热线),监控,,
223,内蒙古,(教师 OR 老师) AND (1对1 OR 一对一) AND (问学),监控,,
224,内蒙古,(思拓) AND (预科班) AND (最低),监控,,
225,内蒙古,(名师) AND (课 OR 課) AND (公考),监控,,
226,内蒙古,(办理) AND (文凭 OR 证件) AND (给钱 OR 付款) AND (询 OR 电 OR 联系 OR 拨 OR QQ),监控,,
227,内蒙古,(文凭 OR 刻章 OR 证件) AND (办理 OR 代理 OR 代办) AND (联系 OR 电),监控,,
228,内蒙古,(办理 OR 代理 OR 代办 OR 办理) AND (证书 OR 文凭 OR 刻章 OR 证件) AND (联系 OR 电 OR 查询 OR 登陆 OR 业务),监控,,
229,内蒙古,(长期 OR 优价 OR 诚信 OR 本公司 OR 竭诚) AND (办理 OR 精制 OR 瓣理) AND 各 AND (学历 OR 票 OR 漂 OR 职称),监控,,
230,内蒙古,(办理) AND (文凭) AND (本 OR 专 OR 职称) AND (询 OR 电 OR 联系 OR 拨 OR 咨),监控,,
231,内蒙古,(文凭 OR 房本 OR 驾驶本) AND (需 OR 办理) AND (满意) AND (询 OR 电 OR 联系 OR 拨 OR 咨),监控,,
232,内蒙古,(学历) AND (资格) AND (证書) AND (询 OR 电 OR 联系 OR 拨 OR 咨),监控,,
233,内蒙古,(文凭 OR 资格 OR 驾驶本) AND (见货) AND (付款) AND (询 OR 电 OR 联系 OR 拨 OR 详情),监控,,
234,内蒙古,(办 OR 办理) AND (文凭 OR 手续 OR 房本) AND (业务),监控,,
235,内蒙古,(文ping) AND (职称) AND (备),监控,,
236,内蒙古,(办证) AND (联系) AND (机主) AND (王),监控,,
237,内蒙古,(内蒙古) AND (文凭 OR 公章 OR 公嶂 OR 车牌 OR 车簰) AND (销售),监控,,
238,内蒙古,游行 AND ( NOT 旅游行业) AND ( NOT 旅游行程),监控,,
239,内蒙古,集会 AND ( NOT 召集会议 OR 收集会议),监控,,
240,内蒙古,王立军 OR WLJ OR 谷开来 OR GKL OR 薄熙来,监控,,
241,内蒙古,BXL OR 薄瓜瓜 OR BGG OR 海沃德,监控,,
242,内蒙古,(九一八 OR 918) AND (游行 OR 广场 OR 抗议) AND 日本,监控,,
243,内蒙古,(法诚 OR 法无) AND (轮念),监控,,
244,内蒙古,(我要上春晚) AND (电脑号) AND (号) AND (选),监控,,
245,内蒙古,(年息 OR 月息) AND 解决 AND (抵 OR 压) AND (详 OR 电 OR 联系),监控,,
246,内蒙古,证券 AND 牛股,监控,,
247,内蒙古,(法院) AND (传票) AND (询 OR 电 OR 联系),监控,,
248,内蒙古,股 AND 露 AND (赢 OR 赚 OR 挣),监控,,
249,内蒙古,快乐大本营 AND www AND 号,监控,,
250,内蒙古,(临床 OR 中医 OR 口腔 OR 公卫) AND (执业 OR 助理) AND (包过) AND (考),监控,,
251,内蒙古,惭愧 AND 公安局 AND 罚金,监控,,
252,内蒙古,(新到) AND (霸道) AND (叉三) AND (W),监控,,
253,内蒙古,枪支 OR 弹药,监控,,
254,内蒙古,(农行) AND (622) AND (户名),监控,,
255,内蒙古,(房东) AND (租金) AND (外地) AND (户),监控,,
256,内蒙古,(异姓同宿) AND (警官) AND (放人) AND (抓),监控,,
257,内蒙古,(账户) AND (汇款) AND (曾茜) AND (请),监控,,
258,内蒙古,(异性) AND (干部) AND (速交) AND (打电话),监控,,
259,内蒙古,(惭愧 OR 不要告诉别人) AND (彭湖 OR 公安局不方便) AND 这种丢脸事,监控,,
260,内蒙古,(钱包) AND (汇) AND (户名 OR 班主任 OR 老师),监控,,
261,内蒙古,(淘宝 OR 爸爸去哪儿 OR 中国好声音) AND (幸運 OR 幸运) AND (登 OR 领),监控,,
262,内蒙古,(关押) AND (致电) AND (放人) AND (收费),监控,,
263,内蒙古,(杭州) AND (貌端) AND (男女) AND (日进),监控,,
264,内蒙古,(透明度) AND (现场) AND (惊讶) AND (感觉),监控,,
265,内蒙古,(提醒 OR 提示 OR 通知) AND (除 OR 扣) AND (帐) AND (建行),监控,,
266,内蒙古,(成绩) AND (加分 OR 通过) AND (QQ OR 电 OR 联系 OR 拨 OR 咨) AND (护),监控,,
267,内蒙古,(中华 OR 黄鹤楼) AND (高档) AND (烟) AND (询 OR 电 OR 联系 OR 拨 OR 咨),监控,,
268,内蒙古,(卡) AND (扣除) AND (行) AND (询 OR 电 OR 联系 OR 拨 OR 咨),监控,,
269,内蒙古,(服务) AND (享受) AND (越南妹) AND (好玩),监控,,
270,内蒙古,(通话) AND (短讯 OR 短信) AND (老公 OR 上司 OR 对手) AND (帮手),监控,,
271,内蒙古,(提醒 OR 提示 OR 通知) AND (除 OR 扣 OR 支付) AND (年费),监控,,
272,内蒙古,(行) AND (扣) AND (银联) AND (祥情),监控,,
273,内蒙古,(通过) AND (拿证) AND (QQ OR 电 OR 联系 OR 拨 OR 咨),监控,,
274,内蒙古,(票) AND (款) AND (公司) AND (询 OR 电 OR 联系 OR 拨 OR 咨),监控,,
275,内蒙古,(护士 OR 女优 OR 空姐) AND (T台 OR 火爆) AND (娃娃),监控,,
276,内蒙古,(商铺网) AND (网址) AND (客户) AND (询 OR 电 OR 联系 OR 拨 OR 咨),监控,,
277,内蒙古,(展销) AND (机会) AND (礼) AND (恭迎 OR 欢迎),监控,,
278,内蒙古,(学) AND (英语 OR 数学 OR 老外) AND (效果) AND (询 OR 电 OR 联系 OR 拨 OR 咨),监控,,
279,内蒙古,(中华) AND (批发) AND (货到付款),监控,,
280,内蒙古,(中华) AND (批发 OR 出售) AND (质量保证),监控,,
281,内蒙古,(获取 OR 办理) AND (本科 OR 学历 OR 建造师) AND (可查) AND (QQ OR 电 OR 联系 OR 拨 OR 咨),监控,,
282,内蒙古,(放人) AND (取保候审 OR 保外就医) AND (收费) AND (询 OR 电 OR 联系 OR 拨 OR 咨),监控,,
283,内蒙古,(咔) AND (掌握 OR 了解 OR 知道) AND (老公 OR 上司 OR 对手) AND (询 OR 电 OR 联系 OR 拨 OR 咨),监控,,
284,内蒙古,(佧) AND (谈话 OR 短讯) AND (询 OR 电 OR 联系 OR 拨 OR 咨),监控,,
285,内蒙古,(水蜜桃 OR 樱桃) AND (荔枝) AND (乳) AND (助兴),监控,,
286,内蒙古,(出口) AND (舔) AND (乳霸),监控,,
287,内蒙古,(錢) AND ( 融資) AND (急),监控,,
288,内蒙古,(非常6+1) AND (手机号码) AND (奖) AND (领取),监控,,
289,内蒙古,(抵押) AND (金) AND (手续) AND (询 OR 电 OR 联系 OR 拨 OR 咨),监控,,
290,内蒙古,(买) AND (码) AND (赔率) AND (WWW),监控,,
291,内蒙古,(朋友 OR 亲人) AND (刑拘) AND (放人) AND (询 OR 电 OR 联系 OR 拨 OR 咨),监控,,
292,内蒙古,(护师) AND (主任 OR 老师) AND (合格) AND (加),监控,,
293,内蒙古,(补贴) AND (领) AND (社保) AND (Tel OR tel),监控,,
294,内蒙古,(星光大道) AND (幸运) AND (电脑) AND (验证),监控,,
295,内蒙古,(国 OR 地) AND (普 OR 增) AND (缥) AND (询 OR 电 OR 联系 OR 拨 OR 咨),监控,,
296,内蒙古,(发栗) AND (商品 OR 餐饮 OR 广告) AND (开 OR 提供),监控,,
297,内蒙古,(贷) AND (歀) AND (金) AND (周转),监控,,
298,内蒙古,(公开) AND (资料) AND (合作) AND (期),监控,,
299,内蒙古,(借 OR 贷) AND (资金) AND (小额) AND (询 OR 电 OR 联系 OR 拨 OR 咨),监控,,
300,内蒙古,(电话 OR 信息) AND (情官商) AND (一切) AND (帮手),监控,,
301,内蒙古,(用户) AND (银行) AND (存款) AND (冻结),监控,,
302,内蒙古,( 提供 ) AND (增值 OR 建筑 OR 飘 OR 机打 OR 票) AND (投资 OR 费 OR 税 OR 查),监控,,
303,内蒙古,(提供) AND (kao试) AND (原题) AND (询 OR 电 OR 联系 OR 拨 OR 咨),监控,,
304,内蒙古,东突 OR 江鬼 OR 李洪志,监控,,
305,内蒙古,(转出) AND (账户 OR 卡) AND (还款) AND (询 OR 电 OR 联系 OR 拨 OR 咨),监控,,
306,内蒙古,(号码) AND (帮手) AND (科技) AND (询 OR 电 OR 联系 OR 拨 OR 咨),监控,,
307,内蒙古,(囚禁 OR 关押) AND (放人) AND (收费) AND (询 OR 电 OR 联系 OR 拨 OR 咨),监控,,
308,内蒙古,(看房) AND (地鉄 OR 地铁) AND (免息) AND (首期),监控,,
309,内蒙古,(398全包) AND (预定) AND (免),监控,,
310,内蒙古,(恒大绿洲) AND (互动) AND (游戏),监控,,
311,内蒙古,(护师) AND (档案) AND (加分) AND (通过),监控,,
312,内蒙古,(医学) AND (包过) AND (技能) AND (询 OR 电 OR 拨 OR QQ OR qq),监控,,
313,内蒙古,(扣取 OR 扣除) AND (卡) AND (疑) AND (邮政),监控,,
314,内蒙古,(补贴) AND (领) AND (保障中心) AND (询 OR 电 OR 联系 OR 拨 OR 咨),监控,,
315,内蒙古,(蜜桃) AND (风情) AND (花街) AND (玩法),监控,,
316,内蒙古,(保障中心) AND (办理) AND (领) AND (询 OR 电 OR 联系 OR 拨 OR 咨),监控,,
317,内蒙古,(医学) AND (加分) AND (通过) AND (询 OR 电 OR 拨 OR QQ OR qq),监控,,
318,内蒙古,(笔试) AND (内部) AND (通过) AND (咨 OR 询 OR 电 OR qq),监控,,
319,内蒙古,(扣取 OR 扣除) AND (年度) AND (费用) AND (拨 OR 电 OR 疑 OR 与),监控,,
320,内蒙古,(平安) AND (抵押) AND (担保) AND (手续),监控,,
321,内蒙古,艾斯海提·克里木拜 OR 巴哈依教 OR 北京当局 OR 北京政权 OR 北美自由论坛,监控,,
322,内蒙古,阿不来提阿不都热西提 OR 藏独 OR 赤党 OR 赤匪 OR 传九促三,监控,,
323,内蒙古,法轮功 OR 法轮 OR 李洪志 OR 真善忍,监控,,
324,内蒙古,法轮功 OR 法轮大法,监控,,
325,内蒙古,传说的胡曾联手是一种假象 OR 从陈良宇倒台看中国政局走势 OR 大陆教会 OR 党风日下 OR 党棍官僚,监控,,
326,内蒙古,党禁 OR 党政一把手 OR 迪里夏提 OR 第五代领导 OR 第五代领导人,监控,,
327,内蒙古,第五代领导新星 OR 第五代中共领导人 OR 颠覆国家 OR 颠覆中国政权 OR 颠覆中华人民共和国政,监控,,
328,内蒙古,东突厥斯坦 OR 东突厥斯坦伊斯兰 OR 东突厥斯坦伊斯兰运动 OR 东土耳其斯坦 OR 发抡,监控,,
329,内蒙古,发抡功 OR 发轮 OR 发伦 OR 发伦功 OR 发仑,监控,,
330,内蒙古,发沦 OR 发纶 OR 发论 OR 发论功 OR 发论公,监控,,
331,内蒙古,罚抡 OR 罚伦 OR 罚仑 OR 罚沦 OR 罚纶,监控,,
332,内蒙古,罚囵 OR 筏抡 OR 筏轮 OR 筏伦 OR 筏仑,监控,,
333,内蒙古,筏沦 OR 筏纶 OR 筏论 OR 筏囵 OR 伐抡,监控,,
334,内蒙古,伐轮 OR 伐伦 OR 伐仑 OR 伐沦 OR 伐论,监控,,
335,内蒙古,伐囵 OR 乏抡 OR 乏轮 OR 乏伦 OR 乏仑,监控,,
336,内蒙古,乏沦 OR 乏纶 OR 乏论 OR 乏囵 OR 阀抡,监控,,
337,内蒙古,阀伦 OR 阀仑 OR 阀沦 OR 阀纶 OR 阀论,监控,,
338,内蒙古,法功 OR 法会 OR 法抡 OR 法抡功 OR 法轮,监控,,
339,内蒙古,法轮大法 OR 法轮佛法 OR 法轮功十周年 OR 法轮功信徒 OR 法伦,监控,,
340,内蒙古,法仑 OR 法沦 OR 法纶 OR 法论 OR 法十轮十功,监控,,
341,内蒙古,法谪 OR 法谪功 OR 法輪 OR 法囵 OR 法愣,监控,,
342,内蒙古,珐.輪功 OR 珐抡 OR 珐轮 OR 珐伦 OR 珐仑,监控,,
343,内蒙古,珐沦 OR 珐纶 OR 珐论 OR 珐囵 OR 废除中共一党专制统治,监控,,
344,内蒙古,分裂中国 OR 分裂中华人民共和国 OR 告全国同胞书 OR 公开批评中央高层领导人 OR 公开信胡,监控,,
345,内蒙古,公开信胡书记 OR 共铲党 OR 共党 OR 共匪 OR 共狗,监控,,
346,内蒙古,共军 OR 共黨 OR 捍卫社会主义共和国 OR 航空母舰 OR 和平请愿书,监控,,
347,内蒙古,贺国强 OR 鸿志 OR 洪志 OR 宏宝大法王 OR 宏法,监控,,
348,内蒙古,胡春华 OR 胡紧掏 OR 胡锦涛 OR 胡锦滔 OR 胡锦淘,监控,,
349,内蒙古,胡景涛 OR 胡权利瓜分 OR 胡书记 OR 胡总书记 OR 华通时事论坛,监控,,
350,内蒙古,华语世界论坛 OR 换届隐忧 OR 回民暴动 OR 极权专政 OR 家宝开会布局新兴战,监控,,
351,内蒙古,(出售 OR 提供 OR 发现 OR 我有) AND (2012年 OR 12年 OR 今年) AND (成人高考 OR 成考 OR 本 OR 专) AND (题 OR 答案 OR 卷 OR 参考),监控,,
352,内蒙古,锦涛 OR 九-评 OR 九.评 OR 九、评 OR 九码,监控,,
353,内蒙古,九评 OR 九评共产党 OR 来京上访 OR 李洪志 OR 李宏志,监控,,
354,内蒙古,李红痔 OR 李克强第五代领导人 OR 李克强接班人 OR 李三共志 OR 李岚清,监控,,
355,内蒙古,里藏春 OR 两个中国 OR 轮大 OR 轮功 OR 轮回,监控,,
356,内蒙古,伦功 OR 毛厕洞 OR 毛一鲜 OR 毛贼东 OR 美国佬,监控,,
357,内蒙古,美国之音 OR 美利坚 OR 蒙独 OR 蒙古独 OR 蒙古独立,监控,,
358,内蒙古,梦网洪志 OR 民运返家 OR 民运功绩论 OR 虐待人权和宗教自由 OR 破坏大法,监控,,
359,内蒙古,破坏正法者 OR 菩提法门 OR 菩提功 OR 菩提教会 OR 权威主义国家的合法性理论,监控,,
360,内蒙古,热比娅 OR 热站政论网 OR 人权保障 OR 人权侵害 OR 日内瓦金融,监控,,
361,内蒙古,台人治台 OR 台湾独 OR 台湾独立 OR 台湾共合国 OR 台湾狗,监控,,
362,内蒙古,台湾建国运动组织 OR 台湾青年独立联盟 OR 台湾政论区 OR 台湾自由联盟 OR 太子党,监控,,
363,内蒙古,摊牌要权 OR 讨伐中宣部 OR 天安门录影带 OR 天安门母亲 OR 天安门事件,监控,,
364,内蒙古,天安门屠杀 OR 天安门一代 OR 天灭中共 OR 统独论坛 OR 突厥斯坦,监控,,
365,内蒙古,推翻社会主义制度 OR 退党 OR 外交论坛 OR 外蒙 OR 亡党,监控,,
366,内蒙古,窝囊中国 OR 吴邦国 OR 武装反抗 OR 西藏 OR 西藏独,监控,,
367,内蒙古,西藏独立 OR 西藏论坛 OR 西藏天葬 OR 希拉克 OR 希特勒,监控,,
368,内蒙古,习近平 OR 下法轮 OR 新华内情 OR 新华通论坛 OR 新疆,监控,,
369,内蒙古,新疆独 OR 新疆独立 OR 新疆人 OR 新疆人七月四日哀悼 OR 学潮,监控,,
370,内蒙古,学联 OR 学运 OR 雪灾西藏地震 OR 亚洲周刊 OR 亚洲自由电台,监控,,
371,内蒙古,亚洲自由之声 OR 言论自由 OR 一党专政 OR 一党专制 OR 一贯道,监控,,
372,内蒙古,一中一台 OR 伊斯兰运动 OR 印尼伊斯兰祈祷团 OR 英雄纪念碑 OR 舆论反制,监控,,
373,内蒙古,曾庆红 OR 曾庆红削权 OR 真耶稣教会 OR 争鸣论坛 OR 政坛明日之星,监控,,
374,内蒙古,政体改造论 OR 政治变革 OR 政治反对派 OR 致胡书记的公开信 OR 治军方针定调,监控,,
375,内蒙古,中國當局 OR 中俄密约 OR 中共当权者 OR 中共独裁 OR 中共反腐风暴大背景揭秘,监控,,
376,内蒙古,中共高层变动：王兆国将任常委或取代贾庆龄 OR 中共领导人黑幕 OR 中共特权阶层 OR 中共统治 OR 中共统治集团,监控,,
377,内蒙古,中共伪政权 OR 中共心中最大的恐惧 OR 中共政坛腐败内幕 OR 中共政治新星 OR 中国报禁,监控,,
378,内蒙古,中国泛蓝联盟 OR 中国复兴论坛 OR 中国改革年代政治斗争 OR 中国高层权力斗争 OR 中国高层人事变动解读,监控,,
379,内蒙古,中国共产党 OR 中国六四真相 OR 中国民主党联合总部 OR 中国社会进步党 OR 中国社会论坛,监控,,
380,内蒙古,中国威胁论 OR 中国问题论坛 OR 中国在统一问题上的投降主义 OR 中国真实内容 OR 中国政坛“清华帮”盛极而衰,监控,,
381,内蒙古,中国政坛“清华帮”盛极而衰 OR 中国政坛新星中的四大天王 OR 中国政治新星 OR 中华人民实话实说 OR 中华人民正邪,监控,,
382,内蒙古,中华时事 OR 中华真实报道 OR 中南海 OR 中南海波澜起伏 OR 中南海斗争,监控,,
383,内蒙古,中南海高层权利斗争 OR 中南海惊现东宫小朝廷 OR 中南海秘闻 OR 中南海权力斗争 OR 转法轮,监控,,
384,内蒙古,宗教迫害 OR 宗教压迫 OR 总书记红人 OR 阻止中华人民共和国统 OR 茳澤民,监控,,
385,内蒙古,荭志 OR 闳志 OR 氵去 OR 氵去车仑工力 OR 泓志,监控,,
386,内蒙古,砝抡 OR 砝轮 OR 砝伦 OR 砝仑 OR 砝沦,监控,,
387,内蒙古,砝纶 OR 砝论 OR 砝囵,监控,,
388,内蒙古,(邮政) AND (扣取 OR 扣除 OR 转出) AND (卡) AND (询 OR 电 OR 联系 OR 拨),监控,,
389,内蒙古,(密透) AND (单双) AND (连中) AND (详询 OR 电 OR 拨 OR 询),监控,,
390,内蒙古,(用户) AND (网盾) AND (登) AND (维护),监控,,
391,内蒙古,(号码) AND (中国好声音) AND (幸运) AND (登陆,监控,,
392,内蒙古,(一建) AND (通过) AND (验证) AND (QQ OR 详询 OR 电 OR 拨 OR 询),监控,,
393,内蒙古,(佧) AND (信息) AND (掌控) AND (询 OR 电 OR 联系 OR 拨 OR 详情),监控,,
394,内蒙古,(办理) AND (信用卡) AND (额) AND (手机 OR 询 OR 拨 OR 联系),监控,,
395,内蒙古,(新进) AND (口感) AND (预定) AND (全免),监控,,
396,内蒙古,(信用卡) AND (停用) AND (登 OR 登陆) AND (升级),监控,,
397,内蒙古,(主力) AND (必涨) AND (散户) AND (登陆),监控,,
398,内蒙古,(司法) AND (答案) AND (保过 OR 包过) AND (QQ OR 详询 OR 电 OR 拨 OR 询),监控,,
399,内蒙古,(首付) AND (精装) AND (样板) AND (参观),监控,,
400,内蒙古,(联系) AND (间听) AND (通话 OR 短讯) AND (好帮手),监控,,
401,内蒙古,(帐户 OR 账户) AND (扣除 OR 扣取) AND (费用) AND (详情 OR 拨 OR 询),监控,,
402,内蒙古,(主力) AND (进入) AND (涨 OR 必涨) AND (散户),监控,,
403,内蒙古,(涨幅) AND (炒股) AND (股指 OR 期货) AND (资金),监控,,
404,内蒙古,(一建) AND (真题 OR 原题) AND (结算) AND (QQ OR 详询 OR 电 OR 拨 OR 询),监控,,
405,内蒙古,(交流群) AND (股民) AND (公开) AND (QQ),监控,,
406,内蒙古,(中国好声音) AND (幸运) AND (获得) AND (登陆),监控,,
407,内蒙古,(帐户 OR 账户 OR 通知) AND (扣除 OR 扣取) AND (元) AND (详情 OR 拨 OR 询),监控,,
408,内蒙古,(资金) AND (融资) AND (详询 OR 咨询 OR 详咨) AND (本市),监控,,
409,内蒙古,(信贷) AND (底押 OR 抵押 OR 担保) AND (利息) AND (详咨),监控,,
410,内蒙古,(办理) AND (派出所 OR 看守所 OR 监狱) AND (取保候审 OR 保外 OR 保释) AND (咨询 OR 详询 OR 电),监控,,
411,内蒙古,(全包) AND (车模) AND (丝袜) AND (T台),监控,,
412,内蒙古,(间听) AND (通话 OR 短讯) AND (事业 OR 婚姻) AND (好帮手),监控,,
413,内蒙古,(紧急) AND (提示) AND (账户) AND (冻结),监控,,
414,内蒙古,(财付通) AND (顾问) AND (牛股) AND (推荐),监控,,
415,内蒙古,(资金) AND (融资) AND (方便 OR 快捷) AND (详询 OR 咨询 OR 详咨),监控,,
416,内蒙古,(通知) AND (户头) AND (支取 OR 支出) AND (疑 OR 拨),监控,,
417,内蒙古,(发票) AND (需 OR 办理) AND (联系 OR 拨 OR 询 OR 电) AND (客户),监控,,
418,内蒙古,(司) AND (曾直) AND (普通) AND (电 OR 拨 OR 联系 OR 询),监控,,
419,内蒙古,(提示 OR 通知) AND (户头) AND (支取 OR 支出) AND (疑 OR 拨),监控,,
420,内蒙古,(划取 OR 扣除 OR 扣掉) AND (元) AND (询 OR 拨) AND (邮政),监控,,
421,内蒙古,(了解) AND (爱人 OR 同事) AND (电话 OR 行踪) AND (联系 OR 电 OR 拨),监控,,
422,内蒙古,(医师 OR 司法) AND (合格) AND (加分) AND (包 OR 过),监控,,
423,内蒙古,(号) AND (中国好声音) AND (幸运) AND (奖金 OR 奖品),监控,,
424,内蒙古,(发票) AND (提供) AND (查验) AND (备用),监控,,
425,内蒙古,(金伯利) AND (黄金 OR 钻石) AND (特价) AND (礼品),监控,,
426,内蒙古,(取走 OR 收取) AND (元) AND (疑 OR 询 OR 拨) AND (邮政 OR 农行),监控,,
427,内蒙古,(提示 OR 通知) AND (户头) AND (支取 OR 支出) AND (元),监控,,
428,内蒙古,(号) AND (中国好声音栏目) AND (获得) AND (奖金 OR 奖品),监控,,
429,内蒙古,(佧) AND (信西 OR 信息) AND (掌控) AND (联系),监控,,
430,内蒙古,(司法 OR 医师) AND (合格) AND (档案) AND (包 OR 过),监控,,
431,内蒙古,(本地) AND (发票) AND (找),监控,,
432,内蒙古,(国地) AND (机打) AND (普通 OR 增值) AND (询 OR 电),监控,,
433,内蒙古,(反人类) AND (器官) AND (法轮功) AND (活摘 OR 盗卖),监控,,
434,内蒙古,(人皮) AND (哈根斯) AND (恐怖) AND (纳粹),监控,,
435,内蒙古,(预言) AND (迫害) AND (退党) AND (自焚),监控,,
436,内蒙古,(人民法院) AND (传票) AND (领取) AND (联系 OR 电),监控,,
437,内蒙古,(新大都) AND (特惠) AND (现房) AND (首付),监控,,
438,内蒙古,(监狱) AND (拘留) AND (电 OR 询) AND (捞人),监控,,
439,内蒙古,(楼王) AND (买 OR 驻) AND (写字楼) AND (热线),监控,,
440,内蒙古,(资金) AND (投资) AND (年利) AND (方便 OR 快捷),监控,,
441,内蒙古,(公主 OR 少女) AND (采摘) AND (服务) AND (预订),监控,,
442,内蒙古,(中国好声音) AND (获得) AND (登陆 OR 查) AND (签收),监控,,
443,内蒙古,(平安) AND (企业 OR 个人) AND (服务) AND (手续),监控,,
444,内蒙古,(路边摊) AND (文东) AND (夜市) AND (奖品),监控,,
445,内蒙古,(财富通) AND (牛股) AND (交流) AND (QQ),监控,,
446,内蒙古,(取走) AND (疑问) AND (建行) AND (联系 OR 电 OR 拨),监控,,
447,内蒙古,(自考) AND (招生) AND (成人) AND (代理),监控,,
448,内蒙古,(依雪国际抗衰老中心) AND (热线),监控,,
449,内蒙古,(司法) AND (考试) AND (合格) AND (修改),监控,,
450,内蒙古,(预定三免) AND (帝王之乐),监控,,
451,内蒙古,(炒股) AND (出資) AND (A股) AND (网址),监控,,
452,内蒙古,(QQ) AND (股民) AND (交流) AND (牛股),监控,,
453,内蒙古,(及格) AND (加分) AND (询) AND (主任 OR 老师),监控,,
454,内蒙古,(冻結) AND (疑問) AND (邮政 OR 建行 OR 农行),监控,,
455,内蒙古,(父母) AND (车祸) AND (卡) AND (钱),监控,,
456,内蒙古,(会计) AND (内部) AND (资料) AND (过),监控,,
457,内蒙古,(开盘) AND (南北通透) AND (特惠) AND (户型),监控,,
458,内蒙古,(中国好声音) AND (奖金 OR 奖品) AND (登录) AND (领取 OR 查看),监控,,
459,内蒙古,(医考 OR 一建) AND (未 OR 没) AND (加分) AND (通过),监控,,
460,内蒙古,(提供) AND (发缥) AND (正规) AND (电 OR 拨 OR 询),监控,,
461,内蒙古,(做帐) AND (单据) AND (查验) AND (结账),监控,,
462,内蒙古,(工行) AND (农行) AND (方便) AND (好了来信),监控,,
463,内蒙古,(钱) AND (平安) AND (抵押) AND (借贷),监控,,
464,内蒙古,(做账) AND (报销) AND (票据) AND (付款),监控,,
465,内蒙古,(代) AND (开) AND (发) AND (嘌),监控,,
466,内蒙古,(精准) AND (公布) AND (登陆) AND (询 OR 电),监控,,
467,内蒙古,(新品) AND (货源) AND (校花 OR 空姐 OR 车摸) AND (速定),监控,,
468,内蒙古,(18大) AND (股市) AND (交流群) AND (QQ),监控,,
469,内蒙古,(沪深) AND (涨 OR 跌) AND (托管) AND (杠杆),监控,,
470,内蒙古,(享受) AND (佳丽) AND (空姐) AND (提前定房 OR 预定),监控,,
471,内蒙古,(户头) AND (结算) AND (年度费) AND (询 OR 拨),监控,,
472,内蒙古,(东北财经大学) AND (EMBA) AND (加入) AND (补录),监控,,
473,内蒙古,(牛) AND (涨停) AND (入群) AND (gu OR 股),监控,,
474,内蒙古,(密码) AND (更新) AND (会员) AND (登录),监控,,
475,内蒙古,(天通) AND (黄金) AND (消息) AND (参考),监控,,
476,内蒙古,(布局) AND (关注) AND (登) AND (com),监控,,
477,内蒙古,(现房) AND (海景) AND (首付) AND (机会不容错过),监控,,
478,内蒙古,如何推翻中共 OR 三水法轮 OR 四川独立 OR 宿命论,监控,,
479,内蒙古,(募捐) AND (可怜可悲) AND (联通人) AND (命运),监控,,
480,内蒙古,(胡玉光) AND (联通) AND (上访),监控,,
481,内蒙古,(工资) AND (联通) AND (集体上访) AND (工友),监控,,
482,内蒙古,(18647413841) AND (胡),监控,,
483,内蒙古,(低密度) AND (小高层) AND (现房) AND (特惠),监控,,
484,内蒙古,(蓝鸟) AND (低价) AND (家具) AND (大奖),监控,,
485,内蒙古,(CBD) AND (万科) AND (开盘) AND (新品),监控,,
486,内蒙古,(会计) AND (报税) AND (金钥匙) AND (专业),监控,,
487,内蒙古,(持短信) AND (看房) AND (发售),监控,,
488,内蒙古,(沪深) AND (A股) AND (涨) AND (www.fc356.com),监控,,
489,内蒙古,(小妹) AND (预定三免) AND (帝王享受),监控,,
490,内蒙古,(财付通) AND (牛骰) AND (QQ OR 咨询 OR 详询 OR 电),监控,,
491,内蒙古,(异常) AND (停卡) AND (处理) AND (咨询),监控,,
492,内蒙古,(医保) AND (异常) AND (停卡) AND (询 OR 电 OR 联系 OR 拨 OR 咨),监控,,
493,内蒙古,(百昌) AND (老师) AND (交流) AND (群),监控,,
494,内蒙古,(杜拉拉在云端) AND (巡回) AND (上映),监控,,
495,内蒙古,(中国梦想秀) AND (登录) AND (笔记本) AND (签收码),监控,,
496,内蒙古,(贵阳) AND (阳光交易中心) AND (入编),监控,,
497,内蒙古,(曾直) AND (普通) AND (真剽),监控,,
498,内蒙古,(现代元素) AND (巨献) AND (优惠) AND (酒水),监控,,
499,内蒙古,(和兴借贷) AND (息) AND (抵押),监控,,
500,内蒙古,(取掉) AND (账户) AND (疑问) AND (成功),监控,,
501,内蒙古,(重庆本地) AND (作帐) AND (票据),监控,,
502,内蒙古,(扣出) AND (疑问) AND (元) AND (帐),监控,,
503,内蒙古,(项目合作) AND (费用) AND (放款) AND (资金),监控,,
504,内蒙古,(报销) AND (做帐) AND (单据) AND (本地),监控,,
505,内蒙古,(爱人 OR 领导) AND (内容) AND (消息) AND (情场),监控,,
506,内蒙古,(嘌) AND (据) AND (开),监控,,
507,内蒙古,(中 OR 准) AND (全家死光) AND (誓言) AND (联系),监控,,
508,内蒙古,(牛GU) AND (老师) AND (邀请) AND (回复),监控,,
509,内蒙古,(派对) AND (酒店) AND (预定) AND (艳舞),监控,,
510,内蒙古,(亲) AND (折起) AND (震撼) AND (海报),监控,,
511,内蒙古,(炒骰) AND (杠杆) AND (金瓶颈),监控,,
512,内蒙古,(政治 OR 思想政治理论) AND (单项选择题 OR 单选 OR 多选 OR 分析) AND (a OR B OR 3 OR 四),监控,,
513,内蒙古,(难题) AND (丹保) AND (年熄),监控,,
514,内蒙古,(房东) AND (租) AND (外地) AND (行),监控,,
515,内蒙古,(克隆) AND (刘亦菲) AND (宠幸),监控,,
516,内蒙古,(派对) AND (酒店 OR 酒吧) AND (火爆) AND (抢座),监控,,
517,内蒙古,(医师) AND (城绩) AND (没过) AND (QQ),监控,,
518,内蒙古,(①) AND (建) AND (城绩) AND (QQ),监控,,
519,内蒙古,(一建) AND (成绩) AND (复审) AND (加分),监控,,
520,内蒙古,(抵押) AND (担保) AND (银行) AND (放款),监控,,
521,内蒙古,(付款) AND (发票) AND (会计) AND (回购),监控,,
522,内蒙古,(农行) AND (办好回个信息) AND (杨),监控,,
523,内蒙古,(建筑) AND (定额) AND (租赁) AND (代理),监控,,
524,内蒙古,(春申) AND (君临天下) AND (商铺),监控,,
525,内蒙古,(没钱) AND (主任) AND (帮你) AND (利息),监控,,
526,内蒙古,(社保) AND (补贴) AND (成员) AND (电话),监控,,
527,内蒙古,(三批) AND (人员) AND (联系) AND (社保),监控,,
528,内蒙古,(香港) AND (生育) AND (健康) AND (支付),监控,,
529,内蒙古,(金相) AND (客户) AND (QQ) AND (关注),监控,,
530,内蒙古,(腾飞) AND (探讨) AND (每天) AND (实力),监控,,
531,内蒙古,(双天) AND (愿望) AND (单位) AND (湖畔),监控,,
532,内蒙古,(金相) AND (QQ群) AND (公示) AND (关注),监控,,
533,内蒙古,(接听) AND (爱人 OR 朋友 OR 领导) AND (内容) AND (消息),监控,,
534,内蒙古,(提供) AND (建造) AND (资料) AND (Q OR 电),监控,,
535,内蒙古,(面试) AND (过关) AND (付费 OR 付費) AND (天逸),监控,,
536,内蒙古,(增值 OR 增植) AND (普通 OR 谱嗵) AND (供应) AND (联系),监控,,
537,内蒙古,(群) AND (公开 OR 公開) AND (驗證) AND (QQ),监控,,
538,内蒙古,(国药) AND (早盘) AND (买入) AND (电),监控,,
539,内蒙古,(万丽) AND (会所) AND (KTV) AND (酒水),监控,,
540,内蒙古,(庆典) AND (公益) AND (恭喜) AND (奖金 OR 兑奖),监控,,
541,内蒙古,(交流群) AND (强势股) AND (资讯) AND (QQ),监控,,
542,内蒙古,(中华) AND (南京) AND (黄鹤楼) AND (电),监控,,
543,内蒙古,(号码) AND (通话 OR 短信) AND (隐私) AND (详询),监控,,
544,内蒙古,(牛gu) AND (实力) AND (Qq OR 群) AND (关注),监控,,
545,内蒙古,(金相) AND (QQ OR 群) AND (选股) AND (技巧),监控,,
546,内蒙古,(急需) AND (17点) AND (增殖 OR 增值) AND (供应),监控,,
547,内蒙古,(消息群) AND (3支) AND (QQ) AND (关注),监控,,
548,内蒙古,(投顾) AND (提示) AND (支缥) AND (QQ),监控,,
549,内蒙古,(金相) AND (公示) AND (冲击) AND (Qq OR 群),监控,,
550,内蒙古,(卡) AND (通话) AND (对方) AND (询 OR 电 OR 联系 OR 拨 OR 咨),监控,,
551,内蒙古,(咔 OR I样) AND (通 OR 谈) AND (息 OR 讯 OR 信) AND (询 OR 电 OR 联系 OR 拨 OR 咨),监控,,
552,内蒙古,期 AND (彩民 OR 内部) AND (来电入会 OR 有意者) AND (询 OR 电 OR 联系 OR 拨 OR 咨),监控,,
553,内蒙古,(产品) AND (手机) AND (讯息) AND (聊),监控,,
554,内蒙古,(诺基亚) AND (通知) AND (漏洞) AND (修复),监控,,
555,内蒙古,(大本营) AND (笔记本) AND (登) AND (陆),监控,,
556,内蒙古,(售 OR 开 OR 有 OR 正规 OR 代) AND (各 OR 查 OR 机打 OR 提供 OR 帐) AND (服务 OR 餐饮 OR 建筑 OR 费 OR 票),监控,,
557,内蒙古,(行 OR 帐) AND (扣 OR 取) AND (提醒 OR 提示) AND (询 OR 电 OR 联系 OR 拨 OR 咨),监控,,
558,内蒙古,(职称) AND (英语) AND (成绩) AND (改分 OR 加分),监控,,
559,内蒙古,(主力) AND (散户) AND (登录) AND (涨 OR 张 OR 胀),监控,,
560,内蒙古,(验证) AND (内幕) AND (公开) AND (登入 OR 登录),监控,,
561,内蒙古,(护师) AND (加分) AND (通过),监控,,
562,内蒙古,(执业) AND (医师) AND (通过) AND (包),监控,,
563,内蒙古,(期) AND (网址) AND (用户名) AND (更新),监控,,
564,内蒙古,(掌握) AND (爱人 OR 上司) AND (行踪) AND (询 OR 电 OR 联系 OR 拨 OR 咨),监控,,
565,内蒙古,(提供 OR 有) AND (做帐) AND (税) AND (TEL OR Tel OR tel),监控,,
566,内蒙古,(大专 OR 大本 OR 建造师) AND (取) AND (短期) AND (qq OR QQ OR Qq),监控,,
567,内蒙古,(法院) AND (传单) AND (询 OR 电 OR 联系) AND (领 OR 取),监控,,
568,内蒙古,(助手 OR 帮手) AND (拷) AND (原卡) AND (情场 OR 官 OR 商),监控,,
569,内蒙古,(對话) AND (鎴) AND (號),监控,,
570,内蒙古,(花园 OR 楼盘 OR 城) AND (开盘 OR 产权 ) AND (线 OR 电话),监控,,
571,内蒙古,(白小姐) AND (内部) AND (香港) AND (期),监控,,
572,内蒙古,(嗵) AND (情商) AND (TEL OR Tel OR tel),监控,,
573,内蒙古,(增) AND (直) AND (合作) AND (询 OR 电 OR 联系 OR 拨 OR 咨),监控,,
574,内蒙古,(资金) AND (月) AND (年利) AND (電),监控,,
575,内蒙古,(情官) AND (卡) AND (帮手) AND (打),监控,,
576,内蒙古,(二建) AND (内部) AND (加分) AND (询 OR 电 OR 联系 OR 拨 OR 咨),监控,,
577,内蒙古,(期货) AND (股) AND (抵押) AND (资金),监控,,
578,内蒙古,(旺鋪) AND (商城) AND (熱線),监控,,
579,内蒙古,抽奖 AND 喜中 AND 手机 AND (询 OR 电 OR 联系 OR 拨 OR 咨),监控,,
580,内蒙古,(担葆) AND (底押) AND (货歀) AND (额度),监控,,
581,内蒙古,(福音) AND (祖传) AND (效果) AND (询 OR 电 OR 联系 OR 拨 OR 咨),监控,,
582,内蒙古,(代买) AND (火车票) AND (优惠) AND (询 OR 电 OR 联系 OR 拨 OR 咨),监控,,
583,内蒙古,( 年费 ) AND (支 OR 取 OR 划 OR 扣) AND (详情 OR 询 OR 服),监控,,
584,内蒙古,(需 OR 办 OR 做) AND ( 见货),监控,,
585,内蒙古,(医考) AND (提示) AND (成绩) AND (通过),监控,,
586,内蒙古,(直销) AND (性保健) AND (货到付款) AND (电 OR 联系 OR 拨 OR 咨 OR 詢),监控,,
587,内蒙古,(钱) AND (燃眉之急) AND (中信) AND (门槛),监控,,
588,内蒙古,(卫考) AND (成绩) AND (改分) AND (询 OR 联系 OR 拨 OR 咨 OR 詢),监控,,
589,内蒙古,(售罄) AND (舒适) AND (售樓),监控,,
590,内蒙古,(经典户型) AND (优惠) AND (精装修) AND (房),监控,,
591,内蒙古,(爱尔) AND (眼科) AND (近视) AND (手术),监控,,
592,内蒙古,(窃听) AND (通话) AND (短信) AND (询 OR 电 OR 联系 OR 拨 OR 咨),监控,,
593,内蒙古,(通话) AND (信息) AND (如需) AND (付款),监控,,
594,内蒙古,(提醒 OR 提示 OR 通知) AND (行) AND (还款) AND (支 OR 扣 OR 取),监控,,
595,内蒙古,(庆典) AND (获得) AND (手机) AND (询 OR 电 OR 联系 OR 拨 OR 咨),监控,,
596,内蒙古,(医师 OR 护士) AND (包过) AND (询 OR 电 OR 联系 OR 拨 OR 咨),监控,,
597,内蒙古,(提醒 OR 提示 OR 通知) AND (领 OR 取) AND (补贴) AND (办理),监控,,
598,内蒙古,(护士 OR 护师) AND (高分) AND (包过) AND (询 OR 电 OR 联系 OR 拨 OR 咨),监控,,
599,内蒙古,(医保) AND (异常) AND (冻结) AND (询 OR 电 OR 联系 OR 拨 OR 咨),监控,,
600,内蒙古,(3D) AND (五码) AND (申请) AND (询 OR 电 OR 联系 OR 拨 OR 咨),监控,,
601,内蒙古,( 办理 OR 提供 OR 代开 OR 代理) AND (发票 OR 发piao OR 发飘 OR 发漂 OR 证件) AND (电 OR 联系 OR 拨 OR 咨 OR 热线),监控,,
602,内蒙古,(别墅 OR 景观 OR 店铺 OR 公寓 OR 庭院) AND (购 OR 售 OR 开盘) AND (限量 OR 投资 OR 精装) AND (电 OR 联系 OR 拨 OR 咨 OR 热线),监控,,
603,内蒙古,(资金) AND (周转) AND (额度) AND (询 OR 电 OR 联系 OR 拨 OR 咨),监控,,
604,内蒙古,(曾直 OR 增值 OR 增直) AND (普通) AND (询 OR 电 OR 联系 OR 拨),监控,,
605,内蒙古,(必涨) AND (散户) AND (登陆) AND (查看),监控,,
606,内蒙古,(我要上春晚) AND (幸运) AND (打开) AND (本 OR 码),监控,,
607,内蒙古,(银联) AND (信用卡) AND (停用) AND (登入 OR 登录 OR 上),监控,,
608,内蒙古,(网银) AND (e令) AND (关闭 OR 过期 OR 到期) AND (登入 OR 登录 OR 上),监控,,
609,内蒙古,(通知) AND (必开) AND (合作) AND (询 OR 电 OR 联系 OR 拨),监控,,
610,内蒙古,(网址) AND (爆料) AND (公开 OR 更新) AND (查看 OR 询 OR 电 OR 联系 OR 拨),监控,,
611,内蒙古,(卡 OR 账户 OR 名下) AND (扣 OR 取 OR 支) AND (提示 OR 提醒 OR 通知) AND (拨 OR 电 OR 询 OR 联系),监控,,
612,内蒙古,(补贴 OR 补助 OR 传单 OR 款) AND (领 OR 取 OR 处理) AND (询 OR 电 OR 联系 OR 拨 OR 详情) AND (社保),监控,,
613,内蒙古,(一建 OR 建造 OR 医师) AND (答案 OR 加分 OR 高分 OR 改分 OR 加芬) AND (包过 OR 保过 OR 合格) AND (QQ OR 电 OR 拨 OR 询 OR 联系),监控,,
614,内蒙古,(诺基亚) AND (漏洞 OR 损坏) AND (修复 OR 更新) AND (通知),监控,,
615,内蒙古,(职业医师 OR 执业医师) AND (原题 OR 答案) AND (保过) AND (询 OR 电 OR 联系 OR 拨 OR QQ),监控,,
616,内蒙古,(北京华润) AND (活动) AND (等奖) AND (询 OR 电 OR 联系 OR 拨),监控,,
617,内蒙古,(名下) AND (取走) AND (问题) AND (询 OR 电 OR 联系 OR 拨),监控,,
618,内蒙古,(医师 OR 医生) AND (考试 OR 医考) AND (原题 OR 答案) AND (询 OR 电 OR 联系 OR 拨),监控,,
619,内蒙古,(看守 OR 拘留) AND (监狱) AND (放人 OR 假释) AND (询 OR 电 OR 联系 OR 拨),监控,,
620,内蒙古,(执业) AND (考试) AND (医生) AND (询 OR 电 OR 联系 OR 拨),监控,,
621,内蒙古,(央视 OR 卫视) AND (电脑 OR 笔记本) AND (登录) AND (验证),监控,,
622,内蒙古,(网银) AND (支付) AND (登录) AND (签约),监控,,
623,内蒙古,(写字楼) AND (发售) AND (返祖) AND (首付),监控,,
624,内蒙古,(一建) AND (原题) AND (包过) AND (询 OR 电 OR 拨 OR QQ OR qq),监控,,
625,内蒙古,(保利) AND (熱銷 OR 热销) AND (公园) AND (开),监控,,
626,内蒙古,(平安) AND (提供) AND (放歀 OR 贷歀) AND (手续),监控,,
627,内蒙古,(帐 OR 户 OR 卡) AND (扣除 OR 扣取) AND (详情 OR 拨 OR 电) AND (疑),监控,,
628,内蒙古,(补贴 OR 补助 OR 款) AND (领 OR 取 OR 领取 OR 处理 OR 办理) AND (询 OR 电 OR 联系 OR 拨) AND (中心),监控,,
629,内蒙古,(支 OR 取) AND (年费) AND (资金) AND (TEL OR 电 OR 拨),监控,,
630,内蒙古,(万科紫台) AND (三居) AND (南北) AND (高层),监控,,
631,内蒙古,(电话卡) AND (谈些啥 OR 发什么) AND (帮手) AND (商场),监控,,
632,内蒙古,(百货 OR 即日 OR 推出 OR 酬宾 ) AND (会员 OR 折 OR 满 OR 优惠 OR 开业) AND (享 OR 电 OR 送 OR 特 OR 抢),监控,,
633,内蒙古,性能力 OR 病菌 OR 精神药物 OR 麻醉品 OR 大麻,监控,,
634,内蒙古,海洛英 OR 吗啡 OR 鸦片 OR 烈性毒药 OR 迷药,监控,,
635,内蒙古,切听器 OR 剧毒化学品 OR 爆炸物品 OR 弹药 OR 枪支,监控,,
636,内蒙古,新疆 OR 西藏 OR 藏独 OR 疆独 OR 台独,监控,,
637,内蒙古,李洪志 OR 轮功 OR 共铲党 OR 明慧网 OR 退党,监控,,
638,内蒙古,无网界 OR 美国之音 OR 自由亚洲 OR 毛泽东 OR 江泽民,监控,,
639,内蒙古,胡锦涛 OR 温家宝 OR 文化大革命 OR 六四 OR 陈良宇,监控,,
640,内蒙古,大纪元 OR 真善忍 OR 新唐人 OR 反华 OR 共产党,监控,,
641,内蒙古,针对台湾 OR 中共 OR 共奴 OR 共产 OR 右派,监控,,
642,内蒙古,流氓政府 OR 退团 OR 江理论 OR 党内分裂 OR 新生网,监控,,
643,内蒙古,圆明网 OR 修炼之歌 OR 发正念 OR 和平修炼 OR 放下生死,监控,,
644,内蒙古,大法大福 OR 大硞弟子 OR 支联会 OR 共产专政机器 OR 大法洪传,监控,,
645,内蒙古,毛派 OR 法网恢恢 OR 邓派 OR 五套功法 OR 宇宙最高法理,监控,,
646,内蒙古,谁是新中国 OR 法正人间 OR 法正乾坤 OR 正法时期 OR 海外护法,监控,,
647,内蒙古,洪发交流 OR 报禁 OR 党禁 OR 鸽派 OR 鹰派,监控,,
648,内蒙古,赣江学院暴动 OR 绝食抗暴 OR 维权抗暴 OR 活体器官 OR 器官移植,监控,,
649,内蒙古,胡温政府 OR 江罗集团 OR 师傅法身 OR 正派民运 OR 中华联邦政府,监控,,
650,内蒙古,亲共行动 OR 联邦政府 OR 流氓民运 OR 特务民运 OR 江贼民,监控,,
651,内蒙古,自由联邦 OR 流氓无产者 OR 明慧周刊 OR 共狗 OR 马英九,监控,,
652,内蒙古,台湾 OR 国民党 OR 大法 OR 示威 OR 游行,监控,,
653,内蒙古,领事馆 OR 上访 OR 使馆 OR 游行 OR 炸毁,监控,,
654,内蒙古,赵紫阳 OR 集会 OR 九六七一一九四七 OR 炸药 OR 毒品,监控,,
655,内蒙古,爆炸 OR 踩江 OR 大选,监控,,
656,内蒙古,粗口歌 OR 激情电影 OR AV OR 十八禁 OR 女优,监控,,
657,内蒙古,18禁 OR 金瓶梅 OR 丝袜 OR 美腿 OR 三级片,监控,,
658,内蒙古,少儿不宜 OR 藏春阁 OR 玉蒲团 OR SM OR 3P,监控,,
659,内蒙古,偷拍 OR 台湾18DY电影 OR H动漫 OR H漫画 OR 买春,监控,,
660,内蒙古,隐私图片 OR 美腿写真 OR 丝袜写真 OR 陈冠希 OR 阿娇,监控,,
661,内蒙古,艳照 OR CGX OR 熟女 OR 美少妇 OR 换妻,监控,,
662,内蒙古,男女秘事 OR 性伙伴个案考察,监控,,
663,内蒙古,嘿咻 OR 双腿间的禁地,监控,,
664,内蒙古,男女公关 OR 感情陪护,监控,,
665,内蒙古,AV女 OR 迷奸药 OR 三级片,监控,,
666,内蒙古,性免费电影 OR 小电影 OR 迷药,监控,,
667,内蒙古,黄色文学 OR 黄色图片 OR 黄色漫画 OR 应招妓女,监控,,
668,内蒙古,A片 OR 毛片 OR 黄片 OR 发情,监控,,
669,内蒙古,思想开放 OR 江湖淫娘,监控,,
670,内蒙古,春药 OR 偷拍 OR 迷药,监控,,
671,内蒙古,麻醉 OR 寂寞难耐 OR 佳缘点歌台 OR 迷魂药,监控,,
672,内蒙古,接听别人 AND 电话 AND 发现,监控,,
673,内蒙古,上春晚 AND 栏目 AND 幸运,监控,,
674,内蒙古,急 AND 需 AND 帮 AND (押 OR 底),监控,,
675,内蒙古,非 AND 常6+1 AND (手机 OR 号),监控,,
676,内蒙古,(非诚勿扰 OR 星光大道) AND (节目 OR 栏目) AND 幸运,监控,,
677,内蒙古,(邮局 OR 邮政局 OR 您好) AND (邮件 OR 包裹) AND (来电 OR 回电 OR 联系),监控,,
678,内蒙古,提供 AND 低息 AND 融资,监控,,
679,内蒙古,(年息 OR 月息) AND (抵押 OR 资金 OR 担保) AND (经理 OR 主任 OR 先生 OR 小姐),监控,,
680,内蒙古,资金 AND 短缺 AND 贷款,监控,,
681,内蒙古,(息 OR 提供 OR 发放) AND (贷款 OR 资金) AND (担保 OR 抵押),监控,,
682,内蒙古,(资 OR 短缺 OR 贷款 OR 资金 OR 借) AND (小额 OR 抵 OR 押 OR 息) AND (利 OR 下款 OR 放款 OR 担保 OR 抵押),监控,,
683,内蒙古,(会员 OR 男士 OR 验证 OR 送 OR 上门) AND (免费 OR 体验 OR 享 OR 款 OR 推出) AND (折 OR 优惠 OR 减 OR 赠 OR 询),监控,,
684,内蒙古,(投资 OR 报名 OR 名校 OR 费 OR 增) AND (绿卡 OR 学位 OR 师 OR 制度 OR 专家) AND (移民 OR 考 OR 免 OR 全家 OR 讲),监控,,
685,内蒙古,(特价 OR 低于 OR 售) AND 机票 AND 折 AND (电话 OR 热线),监控,,
686,内蒙古,恭喜 AND 号码 AND (幸运 OR 观众 OR 礼品 OR 大礼),监控,,
687,内蒙古,(特价 OR 低于 OR 售 OR 低价 OR 急转) AND 万 AND (电话 OR 热线 OR 详询 OR 详讯),监控,,
688,内蒙古,(精品 OR 特卖 OR 全场) AND (起 OR 折 OR 封顶 OR 直降) AND (地址 OR 地点 OR 详询 OR 电话),监控,,
689,内蒙古,(海外 OR 美国 OR 全球) AND 名校 AND 招生 AND (报名 OR 咨询),监控,,
690,内蒙古,( 恭喜 OR 号码 OR 栏目 ) AND ( 网站 OR 网址 OR www OR WWW ) AND ( 登录 OR 验证 OR 奖品 OR 奖金),监控,,
691,内蒙古,(品 OR 签约 OR 考 OR 报名 OR 体验) AND (牦牛 OR 房 OR 讲 OR 足 OR 短信) AND (养生 OR 享 OR 推出 OR 获 OR 详情),监控,,
692,内蒙古,(I2590 OR 12590) AND (留言 OR 录 OR 听 OR 额度) AND (打 OR 按 OR 拨 OR 呼),监控,,
693,内蒙古,(养生 OR 赠 OR 师 OR 会员 OR 享) AND (妙男 OR 推出 OR 电话 OR 高端 OR 特) AND (足 OR 礼 OR 核心 OR 询),监控,,
694,内蒙古,社保 AND 领取 AND (联系 OR 询 OR 详情 OR 服),监控,,
695,内蒙古,(想知道) AND (和谁通话 OR 他人通话) AND (提供 OR 号码),监控,,
696,内蒙古,(复 OR 做) AND (手机号码 OR 号) AND (通话可以听 OR 信息可以看 OR 帮手 OR 掌握 ) AND (详讯 OR 联系 OR 经理 OR 详询 OR 电话),监控,,
697,内蒙古,(六合彩) AND (电 OR 联系 OR 询),监控,,
698,内蒙古,港彩 OR 六合彩 OR 福彩,监控,,
699,内蒙古,(港彩 OR 福彩 OR 六合彩 OR 独胆 OR 精准) AND (必中 OR 包中 OR 中后 OR 3D OR 提供) AND (可靠 OR 合作 OR 热线 OR 联系 OR 电),监控,,
700,内蒙古,(期 OR 玄机 OR 黑庄 OR 肖) AND (码 OR 号 OR 胆 OR 特 OR 准) AND (包中 OR 中后 OR 百分百 OR 交钱 OR 生效) AND (电 OR 联系),监控,,
701,内蒙古,(枪 OR 弹药 OR 窃听 OR 监听) AND 售,监控,,
702,内蒙古,手枪 AND ( NOT 手枪转) AND ( NOT 手枪砖) AND ( NOT 手枪钻),监控,,
703,内蒙古,(农行 OR 银行) AND (卡号 OR 户名 OR 账号) AND (信息 OR 短信 OR 磁 OR 汇),监控,,
704,内蒙古,(银行 OR 银联 OR 工行 OR 农行) AND (消费 OR 透支) AND (咨询 OR 联系 OR 电话),监控,,
705,内蒙古,(交行 OR 建行 OR 招行) AND (消费 OR 透支) AND (咨询 OR 联系 OR 电话),监控,,
706,内蒙古,我行已成功 AND 扣取年费 AND 元 AND 详询,监控,,
707,内蒙古,(墅 OR 房 OR 精装 OR 购) AND (公寓 OR 社区 OR 现房 OR 核心 OR 送) AND (轻轨 OR 平 OR 地铁 OR 保利 OR 投资),监控,,
708,内蒙古,(起诉 OR 传单) AND (后果自负 OR 签收),监控,,
709,内蒙古,(国) AND (地) AND (税) AND (嘌),监控,,
710,内蒙古,(相貌端庄) AND (薪) AND (招聘),监控,,
711,内蒙古,(行) AND (冻结) AND (银) AND (卡),监控,,
712,内蒙古,(日) AND (开课) AND (实战) AND (营销 OR 管理),监控,,
713,内蒙古,卡 AND 保密 AND (询 OR 电 OR 联系),监控,,
714,内蒙古,咔 AND 通 AND 话 AND 信,监控,,
715,内蒙古,行 AND 费 AND (询 OR 拨) AND 款,监控,,
716,内蒙古,社保 AND 领 AND (询 OR 电 OR 联系),监控,,
717,内蒙古,社保 AND 领取 AND (询 OR 电 OR 联系),监控,,
718,内蒙古,网银 AND (登录 OR 上) AND 到期,监控,,
719,内蒙古,禾兑 AND (询 OR 电 OR 联系 OR 拨),监控,,
720,内蒙古,发票 AND (询 OR 电 OR 联系 OR 拨) AND 代,监控,,
721,内蒙古,卡 AND 话 AND 信 AND 张,监控,,
722,内蒙古,(提供 OR 代 OR 办 OR 有) AND (正规 OR 机打 OR 验证) AND (款 OR 漂 OR fa OR 税),监控,,
723,内蒙古,嫩女 AND 空姐 AND 爽,监控,,
724,内蒙古,学历 AND 资格 AND (热线 OR QQ OR 电 OR 联系),监控,,
725,内蒙古,(會 OR 補) AND 社保,监控,,
726,内蒙古,逍遥椅 AND 嫩 AND (女 OR 妹),监控,,
727,内蒙古,考 AND 高分 AND (热线 OR QQ OR 电 OR 联系),监控,,
728,内蒙古,增直 AND 普通 AND (询 OR 电 OR 联系 OR 拨),监控,,
729,内蒙古,中国梦想秀 AND 选 AND (笔 OR 记 OR 本),监控,,
730,内蒙古,(优 OR 惠) AND (正 OR 规) AND 瞟,监控,,
731,内蒙古,(考 OR 试 OR 题) AND 包过 AND (询 OR 电 OR 联系 OR 拨),监控,,
732,内蒙古,(通话 OR 短信) AND (询 OR 电 OR 联系) AND (听 OR 看),监控,,
733,内蒙古,期 AND (询 OR 电 OR 拨) AND (请加1),监控,,
734,内蒙古,央 AND 视 AND 幸 AND 运,监控,,
735,内蒙古,短信 AND 号码 AND 密,监控,,
736,内蒙古,嘌 AND (热线 OR QQ OR 电 OR 联系),监控,,
737,内蒙古,性 AND 玩 AND 预定,监控,,
738,内蒙古,公开 AND 登录 AND 会员,监控,,
739,内蒙古,玩 AND 包 AND 送,监控,,
740,内蒙古,會 AND 期 AND 登,监控,,
741,内蒙古,行 AND 卡帐 AND 扣除 AND 核实,监控,,
742,内蒙古,(da OR an) AND (考 OR 试) AND (热线 OR Q OR 电 OR 联系 OR 询),监控,,
743,内蒙古,考 AND 包 AND (热线 OR Q OR 电 OR 联系 OR 询),监控,,
744,内蒙古,冲刺 AND 辅导 AND 送,监控,,
745,内蒙古,(出售 OR 提供 OR 发现 OR 有) AND (12 OR 今年) AND (高考) AND (题 OR 答案),监控,,
746,内蒙古,取 AND 帐 AND (拨 OR Q OR 电 OR 联系 OR 询),监控,,
747,内蒙古,服务员 AND 元 AND (饭店 OR 酒店),监控,,
748,内蒙古,考 AND (加分 OR 内部) AND (热线 OR Q OR 电 OR 联系 OR 询),监控,,
749,内蒙古,急 AND (通知 OR 提醒) AND 修,监控,,
750,内蒙古,(T台 OR AV) AND 服务,监控,,
751,内蒙古,(取保 OR 候审) AND (热线 OR Q OR 电 OR 联系 OR 询),监控,,
752,内蒙古,(号 OR 卡) AND (同样 OR 一样) AND (询 OR 电 OR 联系 OR 拨),监控,,
753,内蒙古,(歀) AND (抵押 OR 担保) AND (询 OR 电 OR 联系 OR 拨 OR 咨),监控,,
754,内蒙古,(提示) AND (卡) AND (冻结) AND (询 OR 电 OR 联系 OR 拨),监控,,
755,内蒙古,(爱人 OR 老公 OR 老婆) AND (通讯) AND (询 OR 电 OR 联系 OR 拨 OR 咨),监控,,
756,内蒙古,(卡) AND (年费) AND (刷 OR 扣) AND (询 OR 电 OR 联系 OR 拨 OR 咨),监控,,
757,内蒙古,(了解 OR 知道) AND (一切) AND (询 OR 电 OR 联系 OR 拨 OR 咨),监控,,
758,内蒙古,(提醒 OR 提示 OR 通知) AND (返款) AND (支付 OR 扣),监控,,
759,内蒙古,(T台) AND (菊花 OR 蜜桃) AND (白 OR 嫩) AND (奶 OR 乳),监控,,
760,内蒙古,(妖姬) AND (风骚) AND (大学生) AND (享受),监控,,
761,内蒙古,(客户) AND (宽带) AND (电信) AND (安装),监控,,
762,内蒙古,(囚禁) AND (放人) AND (询 OR 电 OR 联系 OR 拨 OR 咨),监控,,
763,内蒙古,(非常) AND (电脑) AND (抽取 OR 验证),监控,,
764,内蒙古,(电信) AND (手机) AND (营业厅 OR 抢购),监控,,
765,内蒙古,(内幕) AND (公开) AND (领取 OR 验证 OR 中),监控,,
766,内蒙古,(招) AND (网聊 OR 话聊) AND (奖金),监控,,
767,内蒙古,(了解 OR 知道) AND (提供) AND (话 OR 信) AND (询 OR 电 OR 联系 OR 拨 OR 咨),监控,,
768,内蒙古,(出口) AND (乳 OR 波 OR 腿) AND (买一送一),监控,,
769,内蒙古,(做帐 OR 冲账) AND (税) AND (据) AND (询 OR 电 OR 联系 OR 拨 OR 咨),监控,,
770,内蒙古,(号码) AND (短讯) AND (掌控) AND (詢 OR 电 OR 联系 OR 拨 OR 咨),监控,,
771,内蒙古,(奶霸) AND (模特) AND (性) AND (野战),监控,,
772,内蒙古,(税) AND (据) AND (询 OR 电 OR 联系 OR 拨 OR 咨) AND (可供),监控,,
773,内蒙古,(票) AND (据) AND (询 OR 电 OR 联系 OR 拨 OR 咨) AND (可供),监控,,
774,内蒙古,(马会) AND (公开) AND (中) AND (官方),监控,,
775,内蒙古,(佧) AND (嗵話 OR 端信) AND (询 OR 电 OR 联系 OR 拨 OR 咨),监控,,
776,内蒙古,(姐妹花) AND (名模) AND (星级) AND (买 OR 预定),监控,,
777,内蒙古,(一条龙) AND (娇嫩) AND (樱桃) AND (吸 OR 舔),监控,,
778,内蒙古,(看守 OR 拘留 OR 戒毒) AND (放人 OR 保释) AND (咨询 OR 询),监控,,
779,内蒙古,(提醒 OR 提示 OR 通知) AND (返款 OR 还款) AND (支付 OR 扣),监控,,
780,内蒙古,(摩登国际),拦截,,
781,内蒙古,(发票) AND (保真 OR 验后) AND (来电 OR 咨询 OR 联系),拦截,,
782,内蒙古,(最强大脑) AND (记忆大师) AND (询),拦截,,
783,内蒙古,(购物 OR 网购 OR 購物) AND (信誉) AND (详情),拦截,,
784,内蒙古,eFkATy AND 下载地址,拦截,,
785,内蒙古,(手表 OR 皮带 OR 皮鞋) AND (微信 OR 薇信) AND (高端 OR 原单),拦截,,
786,内蒙古,博彩 OR 赌场,拦截,,
787,内蒙古,Gu市 OR Gǔ市,拦截,,
788,内蒙古,(验证) AND (牛股),拦截,,
789,内蒙古,(查 OR 看 OR 打 OR 点 OR 下) AND (tk OR vv),拦截,,
790,内蒙古,(月殳) AND (微信 OR 薇信),拦截,,
791,内蒙古,领地公馆,拦截,,
792,内蒙古,博彩,拦截,,
793,内蒙古,43.255.106.85/Azxcf,拦截,,
794,内蒙古,强势票,拦截,,
795,内蒙古,卖身 OR 卖逼,拦截,,
796,内蒙古,(信誉) AND (详情),拦截,,
797,内蒙古,香巷 OR 两肖一码,拦截,,
798,内蒙古,璔進 OR 進项,拦截,,
799,内蒙古,还清欠款,拦截,,
800,内蒙古,(报案 OR 诈骗 OR 到案) AND (未果 OR 未按时),拦截,,
801,内蒙古,(月殳 OR 股) AND (微信 OR 薇信 OR 详情 OR 添加),拦截,,
802,内蒙古,(真 OR 税) AND (票 OR 嘌 OR 漂),拦截,,
803,内蒙古,(男囡 OR 荿人) AND (徽号),拦截,,
804,内蒙古,(流水账 OR 进账) AND (收入),拦截,,
805,内蒙古,(好股 OR 股) AND (推荐 OR 主推),拦截,,
806,内蒙古,崴坭澌 AND 新人,拦截,,
807,内蒙古,登陆 AND 地址,拦截,,
808,内蒙古,(操盘) AND (微信),拦截,,
809,内蒙古,(信用 OR 取现) AND (免费领取),拦截,,
810,内蒙古,髪慓 OR 发p,拦截,,
811,内蒙古,(翼勋公司) AND (还款),拦截,,
812,内蒙古,品茶加薇 OR 品茶加威,拦截,,
813,内蒙古,(髪 OR 发 OR 幵 OR 兑 OR 正) AND (p OR 漂 OR 膘 OR 慓 OR 票),拦截,,
814,内蒙古,(良好评价 OR 信誉良好 OR 信用良好) AND (扣 OR Q),拦截,,
815,内蒙古,(内幕) AND (赔率 OR 賠率),拦截,,
816,内蒙古,(警倌 OR 警官) AND (律事函),拦截,,
817,内蒙古,(床动天摇) AND (体验),拦截,,
818,内蒙古,(MBA考生 OR 考试 OR 资料 OR 原题 OR 培训 ) AND (包过 OR 咨询),拦截,,
819,内蒙古,(金榜题名教育) AND (一对一) AND (预约 OR 试听),拦截,,
820,内蒙古,牧民上访 OR 牧民莫日根 OR 牧民示威 OR 牧民尊严 OR 牧民抗议,拦截,,
821,内蒙古,(信用 OR 信誉) AND (咨询 OR 详情 OR 客服),拦截,,
822,内蒙古,大酒店 AND 自助餐 AND 开元 AND 巴西,拦截,,
823,内蒙古,(用户 OR 恭喜) AND ( 爸爸去哪儿 OR 奔跑吧兄弟 OR 中国好声音 OR 出彩中国),拦截,,
824,内蒙古,(淘宝 OR 爸爸去哪儿 OR 中国好声音 OR 出彩中国人 OR 奔跑吧兄弟) AND (幸運 OR 幸运),拦截,,
825,内蒙古,(钱包) AND (掉) AND (汇 OR 打),拦截,,
826,内蒙古,乱搞 AND 传染,拦截,,
827,内蒙古,(蒙族 OR 蒙人) AND 西乌 AND 撞死牧民,拦截,,
828,内蒙古,(西乌旗 OR 可怜牧民 OR 南蒙古 ) AND (蒙古人集会 OR 莫日根 OR 行动起来),拦截,,
829,内蒙古,代理 AND 卡费 AND 客服,拦截,,
830,内蒙古,根据 AND 拨 AND 12590 AND 话费,拦截,,
831,内蒙古,(制) AND (咔) AND (联系),拦截,,
832,内蒙古,http://happy.kakaobe.com,拦截,,
833,内蒙古,(客官) AND (微信 OR 薇信),拦截,,
834,内蒙古,(宵碼 OR 肖码 OR 肖碼 OR 壹肖) AND (免费 OR 免費),拦截,,
835,内蒙古,(刷单 OR 唰单) AND (咨询 OR 详情),拦截,,
836,内蒙古,普僄 OR 专僄 OR 砖用 OR 潽通,拦截,,
837,内蒙古,平Te一肖 AND 荍费,拦截,,
838,内蒙古,(连准 OR 連準) AND (威信 OR 微信),拦截,,
839,内蒙古,(航班) AND (取消) AND (客服) AND (补偿),拦截,,
840,内蒙古,(信用卡) AND (冻结) AND (恢复) AND (致电),拦截,,
841,内蒙古,(简历) AND (通过) AND (人事),拦截,,
842,内蒙古,(长期收) AND (转让) AND (联系),拦截,,
843,内蒙古,(提貢) AND (律事函),拦截,,
844,内蒙古,(专用 OR 砖用) AND (镨嗵 OR 潽通 OR 票),拦截,,
845,内蒙古,发彯 OR 普僄 OR 专僄 OR 砖用 OR 潽通,拦截,,
846,内蒙古,增直 AND (普通 OR 潽通),拦截,,
847,内蒙古,肖碼 OR 霄傌,拦截,,
848,内蒙古,肖 AND (收费 OR 莜費 OR 免費),拦截,,
849,内蒙古,唰单 AND qq,拦截,,
850,内蒙古,肉体 AND (双飞 OR 3P OR 冰火两重天 OR 蚂蚁上树),拦截,,
851,内蒙古,(文凭 OR 资格 OR 房本 OR 章) AND (微信 OR 微性 OR 联系),拦截,,
852,内蒙古,(办理) AND (文凭 OR 学历 OR 房产 OR 票据) AND (电),拦截,,
853,内蒙古,货代退稅報关,拦截,,
854,内蒙古,(回復) AND (QQ OR gu OR gǚ OR gU OR GU),拦截,,
855,内蒙古,(回復) AND (Qq OR 股 OR 月殳 OR qq OR QQ),拦截,,
856,内蒙古,(经济师 OR 初级会计 OR 会计师 OR 二建 OR 一建) AND (询 OR 扣 OR 速加 OR Q ),拦截,,
857,内蒙古,(包包 OR 手表 OR 服装) AND (薇 ),拦截,,
858,内蒙古,(真 OR 正 ) AND (票 OR 嘌 OR 漂),拦截,,
859,内蒙古,(薇信) AND (衣 OR 裤 OR 鞋 OR 帽),拦截,,
860,内蒙古,(连准 OR 連準 OR 連准 OR 连準 OR 羡女) AND (威信 OR 微信),拦截,,
861,内蒙古,项目 AND 保底收益 AND 微信,拦截,,
862,内蒙古,潽缥 OR 增缥,拦截,,
863,内蒙古,羨女 OR 羡女,拦截,,
864,内蒙古,(牛魔王 OR 摇钱树) AND (威信 OR 扣),拦截,,
865,内蒙古,(連准 OR 连对 OR 连准) AND (V OR 微 OR 崴),拦截,,
866,内蒙古,(俛費 OR 免費) AND (霄 OR 肖),拦截,,
867,内蒙古,宵吗 AND (微 OR 交流),拦截,,
868,内蒙古,(其月 OR 琪 OR 剘) AND (俛費 OR 免費 OR 免曊 OR 微 OR 交流),拦截,,
869,内蒙古,诚达國际 AND 骨票,拦截,,
870,内蒙古,時時啋 OR 時時棌 OR pkI0,拦截,,
871,内蒙古,羙女 OR 啋嘌 OR 羙钕 OR 靓女,拦截,,
872,内蒙古,网购记录良好 AND (元天),拦截,,
873,内蒙古,(正确 OR 已对) AND 収费,拦截,,
874,内蒙古,誠達國際 OR 股票,拦截,,
875,内蒙古,崴信 OR ィ訁,拦截,,
876,内蒙古,美奻 OR 靓钕 OR 靓女 OR PKI0 OR 時時採,拦截,,
877,内蒙古,普瞟 OR 专嘌,拦截,,
878,内蒙古,連准 OR 娩曊,拦截,,
879,内蒙古,靓妹 OR 時時,拦截,,
880,内蒙古,傌 OR 瑪 OR 碼,拦截,,
881,内蒙古,一宵三吗,拦截,,
882,内蒙古,薇信 AND 顶级好货 AND 相册,拦截,,
883,内蒙古,银行贷款诈骗 OR 信用卡诈骗,拦截,,
884,内蒙古,限行令 OR 龙腾财务 OR 专业讨债,拦截,,
885,内蒙古,(琪 OR 其月) AND (徽 OR 平特霄 OR 精准 OR 连中),拦截,,
886,内蒙古,連準 OR 準點 OR 靓籹 OR 时時菜 OR 媚媚薇,拦截,,
887,内蒙古,(连准 OR 准点) AND (透料 OR 免费 OR V OR 免-費),拦截,,
888,内蒙古,每其個號 OR 每旗個號 OR 每其个号 OR 每旗个号,拦截,,
889,内蒙古,驗證,拦截,,
890,内蒙古,(普增) AND (16 OR 17),拦截,,
891,内蒙古,专用17 OR 镨嗵3,拦截,,
892,内蒙古,笑麻 OR 教流 OR 义务提供,拦截,,
893,内蒙古,玛 OR 馬,拦截,,
894,内蒙古,68其 OR 68其月 OR 68琪 OR 68剘 OR 68期,拦截,,
895,内蒙古,69其 OR 69其月 OR 69琪 OR 69剘 OR 69期,拦截,,
896,内蒙古,7其 OR 7其月 OR 7琪 OR 7剘 OR 7期,拦截,,
897,内蒙古,六八其 OR 六八其月 OR 六八琪 OR 六八剘 OR 六八期,拦截,,
898,内蒙古,六九其 OR 六九其月 OR 六九琪 OR 六九剘 OR 六九期,拦截,,
899,内蒙古,七其 OR 七其月 OR 七琪 OR 七剘 OR 七期,拦截,,
900,内蒙古,每曰 OR 公開 OR 连凖 OR 収費,拦截,,
901,内蒙古,(高转股) AND (qq OR QQ) AND (质优股 OR 买卖点),拦截,,
902,内蒙古,(返水 OR 贩氺) AND (首存 OR 赠存),拦截,,
903,内蒙古,神奇的APP AND http AND 8sJQ03I AND 1396570289310,拦截,,
904,内蒙古,http://cdn.yyupload.com/down/4279193/XXshenqi.apk,拦截,,
905,内蒙古,(罔 OR 网投厅) AND (存 OR 侟 OR 村 OR 泛 OR 反),拦截,,
906,内蒙古,(建议) AND (关注 OR 重点做) AND (qq OR 股 OR QQ),拦截,,
907,内蒙古,(买进 OR 买入 OR 尾盘) AND (详情 OR 操作),拦截,,
908,内蒙古,(一样) AND (手ji号) AND (知道),拦截,,
909,内蒙古,(拉升 OR 早盘 OR 午盘 OR 布局) AND (预约 OR 专线 OR 専缐 OR 内线 OR Q),拦截,,
910,内蒙古,( 买进 OR 买入) AND (预约 OR 专线 OR 専缐 OR 内线 OR Q),拦截,,
911,内蒙古,(研究生考试 OR 拷研 OR 考研 OR 安全工程师) AND (合格 OR 通过) AND (Q OR 电),拦截,,
912,内蒙古,(信用) AND (抵押 OR 担保) AND (电话 OR 咨询),拦截,,
913,内蒙古,(MBA考生 OR 考试 OR 资料 OR 原题 OR 培训 ) AND (包过 OR 咨询 OR Q OR q),拦截,,
914,内蒙古,(操作) AND (关注 OR 勿追) AND (预约),拦截,,
915,内蒙古,(早瀊 OR 早盘) AND (拉升 OR 出货) AND (咨询),拦截,,
916,内蒙古,(电视购物) AND (幸运) AND (验证),拦截,,
917,内蒙古,(逼真) AND (软中华 OR 硬中华) AND (电话),拦截,,
918,内蒙古,(当众讲话实战训练) AND (课程),拦截,,
919,内蒙古,(三個) AND (牛Ｇu) AND (免費 OR 回復 OR QQ),拦截,,
920,内蒙古,藏独 OR 西藏独立 OR 西藏论坛 OR 西藏天葬 OR 西藏暴动,拦截,,
921,内蒙古,(信用贷款) AND (抵押 OR 担保),拦截,,
922,内蒙古,url AND cn AND eFkaATy,拦截,,
923,内蒙古,(急用钱) AND (工资卡 OR 营业执照 OR 房本贷款) AND (贷款),拦截,,
924,内蒙古,(沪深) AND (Q OR gu),拦截,,
925,内蒙古,(淘宝12周年庆典感恩大回馈) AND (幸运),拦截,,
926,内蒙古,(漲停股) AND (Q学习群 OR Q号),拦截,,
927,内蒙古,(开钓 OR 钓友 OR 垂钓) AND (小苏鱼塘),拦截,,
928,内蒙古,(Q号码 OR Q学习群 OR Q群) AND (3个涨 OR 3个漲 OR 三支好 OR 3支好 OR 涨停),拦截,,
929,内蒙古,(学历 OR 职称 OR 房本 OR 发票印章 OR 车手续) AND (证件) AND (电话),拦截,,
930,内蒙古,( 1建 OR 一建 OR 二建 OR 2建 OR 真题) AND (包过 OR 咨询 OR q OR Q),拦截,,
931,内蒙古,(小苏鱼塘) AND (抽钓 OR 夜钓) AND (打窝),拦截,,
932,内蒙古,法轮功 OR 法轮大法 OR 法lun OR 法L,拦截,,
933,内蒙古,新疆独 OR 新疆独立 OR 疆独 OR 新疆人七月四日哀悼 OR 新疆暴动,拦截,,
934,内蒙古,(T台 OR AV) AND (菊花 OR 蜜桃) AND (白 OR 嫩) AND (奶 OR 乳),拦截,,
935,内蒙古,情色 OR 少女高潮 OR X夜激情 OR 失身 OR 春宵,拦截,,
936,内蒙古,性交易 OR 性服 OR 特殊服务 OR 处女膜 OR AV片,拦截,,
937,内蒙古,黄色网站 OR 黄色电影 OR 黄色影视 OR 黄色小说,拦截,,
938,内蒙古,(性) AND (舔) AND (爽) AND (奶),拦截,,
939,内蒙古,falu OR falun OR falundafa OR fa轮,拦截,,
940,内蒙古,(爱马仕 OR 普拉达 OR LV OR 香奈儿 OR 卡地亚) AND (名包 OR 名表),拦截,,
941,内蒙古,(出彩中国人) AND (抽选) AND (获得),拦截,,
942,内蒙古,(仓位) AND (QQ号 OR qq号) AND ( 超跌股 OR 价值股),拦截,,
943,内蒙古,( 社保) AND (补助款) AND (领取),拦截,,
944,内蒙古,(短线) AND (股) AND (QQ),拦截,,
945,内蒙古,(逢低) AND (股) AND (买卖点),拦截,,
946,内蒙古,(开真) AND (发票) AND (联系),拦截,,
947,内蒙古,(IPO) AND (股 OR 买卖点) AND (QQ OR qq),拦截,,
948,内蒙古,(金沙国际娱乐城) AND (牌艺 OR 游艺),拦截,,
949,内蒙古,(四六级英语) AND (内定 OR 内部) AND (通过),拦截,,
950,内蒙古,(资金 OR 姿金 OR 款 OR 歀) AND (5哩 OR 6厘) AND (銀筕 OR 银航),拦截,,
951,内蒙古,(抵押) AND (贷款) AND (信用卡 OR pos机),拦截,,
952,内蒙古,(轻仓) AND (介入) AND (qq OR 股 OR QQ OR Qq OR 票),拦截,,
953,内蒙古,(介入) AND (软件 OR 虚拟现实) AND (qq OR QQ OR Qq OR 票),拦截,,
954,内蒙古,(牛股) AND (买卖点 OR 操作建议) AND (qq OR QQ OR Qq OR 票),拦截,,
955,内蒙古,(大盘) AND (介入) AND (qq OR QQ OR Qq OR ＱＱ OR QＱ),拦截,,
956,内蒙古,(法轮功 OR 法轮大法 OR 江泽民 OR 天安门自焚),拦截,,
957,内蒙古,(两只股 OR 2只股 OR 短中线股 OR 中短线股),拦截,,
958,内蒙古,1900元 AND 集 AND 余额 AND 同学,拦截,,
959,内蒙古,(盘) AND ( 股),拦截,,
960,内蒙古,kefaffgcc.tk,拦截,,
961,内蒙古,103.200.30.182/31,拦截,,
962,内蒙古,xhrwz.com/hgsp4/,拦截,,
963,内蒙古,ytekav.com,拦截,,
964,内蒙古,t.cn/R53x0uk,拦截,,
965,内蒙古,崴坭澌 OR 葡倞,拦截,,
966,内蒙古,崴坭澌 OR 崴坭厮 OR 葡倞,拦截,,
967,内蒙古,代孕,拦截,,
968,内蒙古,可专开普用通,拦截,,
969,内蒙古,51速借,拦截,,
970,内蒙古,(建仓),拦截,,
971,内蒙古,(回復 OR 回复) AND (qq OR Qq OR QQ OR qQ),拦截,,
972,内蒙古,刷单,拦截,,
973,内蒙古,(车辆) AND (套现 OR 质押 OR 车贷),拦截,,
974,内蒙古,(教 OR 师 OR 孩子 OR 考试 OR 报名) AND (对 OR 学习 OR 线 OR 浸泡 OR 方法) AND (1 OR 一 OR 壹 OR 辅导 OR 获) AND (上门 OR 语 OR 免费 OR 一线),监控,,
975,内蒙古,(用户) AND (群) AND (价值) AND (关注),监控,,
976,内蒙古,(用户) AND (消息) AND (提示) AND (僄),监控,,
977,内蒙古,(充值) AND (提款) AND (到账) AND (百苑),监控,,
978,内蒙古,(商房) AND (租金) AND (税票),监控,,
979,内蒙古,(国 OR 地 OR 值) AND (188) AND (收购),监控,,
980,内蒙古,(淘宝网) AND (10周年) AND (基金),监控,,
981,内蒙古,(积分) AND (登录 OR 登陆) AND (查询 OR 兑换),监控,,
982,内蒙古,(学员 OR 考生) AND (官方) AND (笔试),监控,,
983,内蒙古,(会计) AND (笔试) AND (题答) AND (代考),监控,,
984,内蒙古,(淘宝) AND (抽选) AND (幸运),监控,,
985,内蒙古,(全友) AND (限量) AND (周年),监控,,
986,内蒙古,(提供) AND (正规) AND (发票),监控,,
987,内蒙古,(综艺) AND (搜狐) AND (视频),监控,,
988,内蒙古,(科目 OR 代码) AND (物业 OR 管理 OR 制度 OR 政策 OR 经营),监控,,
989,内蒙古,(科目 OR 代码) AND (综合 OR 能力 OR 实务),监控,,
990,内蒙古,(科目 OR 代码) AND (安全 OR 生产 OR 法律 OR 管理 OR 案例),监控,,
991,内蒙古,(科目 OR 代码) AND (知识 OR 技术 OR 事故),监控,,
992,内蒙古,(选择 OR 客观 OR 多选 OR 单选) AND (a OR b OR c OR d OR 1),监控,,
993,内蒙古,(选择 OR 客观 OR 多选 OR 单选) AND (2 OR 3 OR 4 OR A OR B),监控,,
994,内蒙古,(选择 OR 客观 OR 多选 OR 单选) AND (B OR C OR D OR 一 OR 二),监控,,
995,内蒙古,LV OR 普拉达 OR 香奈儿 OR 爱马仕 OR 劳力士,监控,,
996,内蒙古,教育 AND 成绩 AND 孩子 AND 学习,监控,,
997,内蒙古,集训 AND 教学 AND 辅导,监控,,
998,内蒙古,发票 AND 增值税,监控,,
999,内蒙古,包裹 AND 递 AND (询 OR 电 OR 联系 OR 拨),监控,,
1000,内蒙古,(保时捷 OR 霸道 OR 奔驰 OR 帕萨特 OR 大众) AND (送) AND (万 OR w) AND (询 OR 电 OR 联系 OR 拨 OR 咨),监控,,
1001,内蒙古,(宝马 OR 丰田 OR 大众) AND (奥迪 OR 广本 OR 奔驰 OR 别克) AND (电 OR 联系 OR 询),监控,,
1002,内蒙古,(奔驰 OR 宝马 OR 奥迪) AND (W OR 万) AND 送,监控,,
1003,内蒙古,车 AND (询 OR 电 OR 联系 OR 拨) AND (新车 OR 二手),监控,,
1004,内蒙古,车 AND (询 OR 电 OR 联系 OR 詢) AND (新 OR 二手) AND (万),监控,,
1005,内蒙古,(霸道 OR 陆虎 OR 大众) AND (手续) AND (提供 OR 有) AND (公司),监控,,
1006,内蒙古,(年货) AND (满二百 OR 金币) AND (快讯),监控,,
1007,内蒙古,售 AND ( 车宝 OR 丰田 OR 奥迪 OR 沃 ) AND (电话 OR 请拨 OR 联系 OR 询),监控,,
1008,内蒙古,(会员) AND (电脑) AND (密码) AND (期),监控,,
1009,内蒙古,(包裹) AND (送) AND (未 OR 没) AND (询 OR 电 OR 联系 OR 拨 OR 咨),监控,,
1010,内蒙古,(扣取) AND (年度) AND (费) AND (询 OR 电 OR 联系 OR 拨 OR 咨),监控,,
1011,内蒙古,(公司) AND (增 OR 曾) AND (直) AND (普通),监控,,
1012,内蒙古,(扣取 OR 扣除) AND (账户 OR 卡) AND (元) AND (费用),监控,,
1013,内蒙古,(成功) AND (扣除 OR 扣取 OR 扣掉) AND (帐户 OR 账户) AND (元),监控,,
1014,内蒙古,(通知) AND (补贴) AND (领取) AND (拨 OR 电),监控,,
1015,内蒙古,(发) AND (票) AND (详询) AND (保留备用),监控,,
1016,内蒙古,(违章) AND (事故) AND (交警) AND (大队),监控,,
1017,内蒙古,(会员) AND (荣恒羊绒) AND (折上折 OR 折扣),监控,,
1018,内蒙古,(快递) AND (用户) AND (到达) AND (询 OR 电 OR 联系 OR 拨 OR 咨),监控,,
1019,内蒙古,(TEL OR Tel OR tel) AND (年费) AND (卡),监控,,
1020,内蒙古,(提示 OR 提醒) AND (快递) AND (地址) AND (询 OR 电 OR 联系 OR 拨 OR 咨),监控,,
1021,内蒙古,(提醒 OR 提示 OR 通知) AND (行) AND (还款) AND (支 OR 扣),监控,,
1022,内蒙古,(正式) AND (国地税) AND (联系) AND (会计),监控,,
1023,内蒙古,(通知) AND (邮件) AND (地址) AND (配送),监控,,
1024,内蒙古,(提醒 OR 提示 OR 通知) AND (卡) AND (支付 OR 扣) AND (疑),监控,,
1025,内蒙古,(交易) AND (转) AND (还款) AND (询 OR 电 OR 联系 OR 拨 OR 咨),监控,,
1026,内蒙古,(礼 OR 即日 OR 推出 OR 享 OR 免) AND (会员 OR 折 OR 积分 OR 满 OR 增) AND (购 OR 优惠 OR 有限 OR 特 OR 品),监控,,
1027,内蒙古,(开业 OR 酬宾 OR 抢购 OR 封顶) AND (特卖会 OR 折 OR 百货 OR 直降),监控,,
1028,内蒙古,(礼 OR 即日 OR 推出 OR 享 OR 免) AND (会员 OR 折 OR 积分 OR 满 OR 增) AND (购 OR 优惠 OR 送 OR 特 OR 品),监控,,
1029,内蒙古,(会员 OR VIP ) AND (折 OR 领取),监控,,
1030,内蒙古,(快件 OR 邮局) AND 派送 AND 联系,监控,,
1031,内蒙古,包 AND 裹 AND 邮 AND 政,监控,,
1032,内蒙古,(折扣 OR 赠礼) AND (购 OR 买) AND 日 AND 省钱,监控,,
1033,内蒙古,邮电 AND 快件 AND (询 OR 电 OR 联系),监控,,
1034,内蒙古,电话 AND 留言 AND (拨 OR QQ OR 电 OR 联系),监控,,
1035,内蒙古,(交通 OR 违规 OR 事故) AND 警 AND 电,监控,,
1036,内蒙古,(提醒 OR 提示 OR 通知) AND (除 OR 扣 OR 支付) AND (还款),监控,,
1037,湖北,禾兌票,,分组5,其他
1038,湖北,fa轮大fa好,,分组1,反动信息
1039,湖北,未过可处理过,,分组5,商业广告
1040,湖北,点位低保真,,分组5,商业广告
1041,湖北,褪出共黨,,分组1,反动信息
1042,湖南,60123.сс,,分组9,
1043,湖南,jjc8019,,分组9,
1044,湖南,8009.сс,,分组9,
1045,湖南,请联系13590252720张小姐微信同步,,分组9,
1046,湖南,有作賬單椐l 5 9 l 8 8 6 8 3 8 5/,,分组9,
1047,湖南,有↓专    普↓増    通↓17‰    l 3 7 6 4 2 7 o o 8 l 钟,,分组9,
1048,湖南,35435天6天天女,,分组9,
1049,湖南,https://d3.tiandk.net/2,,分组9,
1050,湖南,https://rendatoys8.1688.com,,分组9,
1051,湖南,pj95500.cc,,分组9,
1052,湖南,15-20090-8080,,分组9,
1053,湖南,玩转痳长痳,,分组9,
1054,湖南,iphone7到电信,,分组9,
1055,湖南,155-80935-771,,分组9,
1056,湖南,158~7428~5112,,分组9,
1057,湖南,18627571333看相册,,分组9,
1058,湖南,18-27314-4999,,分组9,
1059,湖南,www.8006k.cc,,分组9,
1060,湖南,159-7429-6619,,分组9,
1061,湖南,186-7482-5142,,分组9,
1062,湖南,188-7478-9666,,分组9,
1063,湖南,151-1133-4999,,分组9,
1064,湖南,135-487-99-666,,分组9,
1065,湖南,151-1635-2622,,分组9,
1066,湖南,183-7481-9922,,分组9,
1067,湖南,wsz080808,,分组9,
1068,湖南,www.50686.сом,,分组9,
1069,湖南,h10010.cc,,分组9,
1070,湖南,vx:ssmp88888,,分组9,
1071,湖南,http://u.10010.cn/qaako,,分组9,
1072,湖南,"开排秒变,操作简单",,分组9,
1073,湖南,"瑝蒄現金網【hg76762.c o m 】2016年欧洲杯盛舉優惠活動,渞洊1000送1000,超值回馈。",,分组9,
1074,湖南,6196a.com,,分组9,
1075,湖南,系客imvce诸nmqqtpmn诸96162诸nmqqtqnn诸2d诸2诸10诸诸,,分组9,
1076,湖南,联8313396,,分组9,
1077,湖南,技师图片,,分组5,
1078,湖南,www.8801a.com,,分组9,
1079,湖南,tmaodo.com,,分组9,
1080,湖南,中亿佰联,,分组5,
1081,湖南,愛-马-仕,,分组9,
1082,湖南,高科技玩,,分组9,
1083,湖南,融@姿,,分组9,
1084,湖南,顺达科技公司,,分组9,
1085,湖南,kao试,,分组9,
1086,湖南,郴电信翼校通,,分组9,
1087,湖南,159-0601-9518,,分组9,
1088,湖南,http://t.cn/r7tou3l,,分组7,
1089,湖南,我发现一个非常神奇的app,,分组3－垃圾短信,
1090,湖南,http://t.cn/8sjq03i-1396570289310,,分组3－垃圾短信,
1091,湖南,http://t.cn/8sjq03i-1396533421548,,分组3－垃圾短信,
1092,湖南,呼死,,分组5,
1093,湖南,youni,,分组5,
1094,湖南,keeboc,,分组5,
1095,湖南,台富商妻,,分组1,
1096,湖南,办一个和别人一样的电,,分组5,
1097,湖南,http://happy.kakaobe.com,,分组5,
1098,湖南,常德630万公民,,分组5,
1099,湖南,市长周德睿,,分组5,
1100,湖南,市委书记王群,,分组5,
1101,湖南,税＠票,,分组5,
1102,湖南,13532990915,,分组5,
1103,湖南,《通话及短信内容》,,分组5,
1104,湖南,婊子养,,分组5,
1105,湖南,⑼⑸/⑼⑹,,分组5,
1106,湖南,号_玛,,分组5,
1107,湖南,【各行业票】,,分组5,
1108,湖南,份从外地发出的件,,分组5,
1109,湖南,元及苹果电脑一台,,分组5,
1110,湖南,98031686973赵鑫,,分组5,
1111,湖南,http://go.10086.cn/,,分组5,
1112,湖南,香港奥星集团,,分组5,
1113,湖南,《社保津贴》,,分组5,
1114,湖南,税[飘],,分组5,
1115,湖南,13763267970,,分组5,
1116,湖南,查阅对方来往短.信,,分组5,
1117,湖南,80197681,,分组5,
1118,湖南,13824304814陈总,,分组5,
1119,湖南,《商业17点的增v值,,分组5,
1120,湖南,行电子密码器将被销户,,分组5,
1121,湖南,电i3621599415陈先生,,分组5,
1122,湖南,办理各式★证☆件★货到,,分组5,
1123,湖南,ok③次,,分组5,
1124,湖南,硫酸亚铊提供,,分组4,
1125,湖南,乙酸亚铊提供,,分组4,
1126,湖南,丙二酸铊提供,,分组4,
1127,湖南,二丁基氧化锡提供,,分组4,
1128,湖南,羰基镍提供,,分组4,
1129,湖南,三氯化磷提供,,分组4,
1130,湖南,磷化锌提供,,分组4,
1131,湖南,五氧化二钒提供,,分组4,
1132,湖南,五氯化锑提供,,分组4,
1133,湖南,四氧化锇提供,,分组4,
1134,湖南,甲基磺酰氯提供,,分组4,
1135,湖南,乙硼烷提供,,分组4,
1136,湖南,三氟化硼提供,,分组4,
1137,湖南,氟乙酸钠提供,,分组4,
1138,湖南,六氟丙酮提供,,分组4,
1139,湖南,氯磺酸提供,,分组4,
1140,湖南,氯化氨甲酰胆碱提供,,分组4,
1141,湖南,二甲基硫代磷酰氯提供,,分组4,
1142,湖南,二乙基硫代磷酰氯提供,,分组4,
1143,湖南,马钱子碱提供,,分组4,
1144,湖南,番木鳖碱提供,,分组4,
1145,湖南,提供碳酸亚铊,,分组4,
1146,湖南,碘甲烷提供,,分组4,
1147,湖南,甲基肼提供,,分组4,
1148,湖南,丙腈提供,,分组4,
1149,湖南,丁腈提供,,分组4,
1150,湖南,异丁腈提供,,分组4,
1151,湖南,甲基丙烯腈提供,,分组4,
1152,湖南,羟基乙腈提供,,分组4,
1153,湖南,烯丙胺提供,,分组4,
1154,湖南,氯甲酸甲酯提供,,分组4,
1155,湖南,亚硝酸乙酯提供,,分组4,
1156,湖南,乌头碱提供,,分组4,
1157,湖南,氯乙酸提供,,分组4,
1158,湖南,枸橼酸芬太尼提供,,分组4,
1159,湖南,氯甲酸乙酯提供,,分组4,
1160,湖南,氯甲酸氯甲酯提供,,分组4,
1161,湖南,溴氰菊酯提供,,分组4,
1162,湖南,三氯硝基甲烷提供,,分组4,
1163,湖南,丙烯醛提供,,分组4,
1164,湖南,一氯乙醛提供,,分组4,
1165,湖南,一氯丙酮提供,,分组4,
1166,湖南,三氟乙酸提供,,分组4,
1167,湖南,乙烯砜提供,,分组4,
1168,湖南,马拉硫磷提供,,分组4,
1169,湖南,硫酸二甲酯提供,,分组4,
1170,湖南,放线菌酮提供,,分组4,
1171,湖南,二盐酸盐提供,,分组4,
1172,湖南,乙酸苯汞提供,,分组4,
1173,湖南,五氯酚钠提供,,分组4,
1174,湖南,地高辛提供,,分组4,
1175,湖南,甲氰菊酯提供,,分组4,
1176,湖南,赭曲毒素a提供,,分组4,
1177,湖南,甲藻毒素提供,,分组4,
1178,湖南,磷酸二氢钾直销,,分组4,
1179,湖南,气手枪买卖,,分组5,
1180,湖南,http://go.10086.cn,,分组5,
1181,湖南,获褒奖三千余项,,分组5,
1182,湖南,提 供 借 贷业务,,分组5,
1183,湖南,社 保 中,,分组5,
1184,湖南,提/供对/方手/机号/码,,分组1,
1185,湖南,用这/佧能知/道她的通/话,,分组1,
1186,湖南,详情请咨询10000,,分组1,
1187,湖南,藏独,,分组1,
1188,湖南,黑枪,,分组1,
1189,湖南,长期代办,,分组1,
1190,湖南,远程控制,,分组1,
1191,湖南,六合彩,,分组1,
1192,湖南,毒品,,分组1,
1193,陕西,(奢 OR 侈) AND (代 OR 带) AND (薇 OR 微),监控,,广告类信息
1194,陕西,警 AND (路 OR 十字 OR 路口) AND (苏 OR 晋 ),监控,,违法类信息
1195,陕西,借款 AND 追债 AND 通讯录,监控,,违法类信息
1196,陕西,拨打 AND 联系人 AND 能力 AND 自行承担,监控,,违法类信息
1198,陕西,(棺材) AND (死光光),监控,,诈骗类信息
1199,陕西,号码 AND 卖 AND 你,监控,,诈骗类信息
1200,陕西,(特 OR 肖 OR 宵) AND (涟 OR 关 OR 公) AND (Q OR 迦 OR 茄 OR 伽 OR 扣),监控,,广告类信息
1201,陕西,(我处OR灵活OR燃眉)AND (快捷OR方便),监控,,违法类信息
1202,陕西,0968 AND 杨少波,监控,,违法类信息
1203,陕西,别人 AND (呺 OR 号) AND 什么 AND 定位,监控,,违法类信息
1204,陕西,我行 AND 固定额度 AND cc5508.com,监控,,诈骗类信息
1205,陕西,别人 AND 短 AND 信 AND 内,监控,,违法类信息
1206,陕西,房 AND 东 AND (租 OR 卡),监控,,诈骗类信息
1207,陕西,城区 AND 特定路段 AND 登陆,监控,,违法类信息
1208,陕西,皇冠 AND (hg10770.сом OR hg10770.com),监控,,违法类信息
1209,陕西,告诉 AND 27.0.193.13,监控,,诈骗类信息
1210,陕西,做 AND 一样 AND 他,监控,,违法类信息
1211,陕西,笔试 AND 未及格 AND 绩包,监控,,违法类信息
1212,陕西,长期OR内蒙OR牌OR诚OR职,监控,,违法类信息
1213,陕西,(做OR张OR样)AND(听到OR他的短讯OR陈),监控,,违法类信息
1214,陕西,(5-100万OR信OR卡)AND 许OR詳,监控,,违法类信息
1215,陕西,(长期OR诚信OR内蒙OR资格)AND (祥OR职称),监控,,违法类信息
1216,陕西,(資 OR 周 ) AND (唫 OR 金 OR 啭 ) AND (信 OR 貸 OR 电),监控,,违法类信息
1217,陕西,打到 AND 农业 AND 李定生,监控,,诈骗类信息
1218,陕西,(当您投资 OR 凭) AND (困难 OR 办理) AND (证件 OR 陈主任),监控,,违法类信息
1219,陕西,(我处OR可为OR他人OR电话号码OR可听)AND(谈话OR短讯OR查到OR哪里OR电),监控,,违法类信息
1220,陕西,(时尚OR香OR儿)AND(名表OR名包OR品质),监控,,违法类信息
1221,陕西,軟 AND (中 OR 石更 OR 九五至尊 OR 黄鹤楼) AND (天下 OR 大重九),监控,,违法类信息
1222,陕西,我处从事灵活周期小 AND (当天 OR 信 OR 快捷) AND (额 OR 代 OR 发款 OR 方便),监控,,违法类信息
1223,陕西,(申办OR10万OR电)AND(信用卡OR手续)AND(条件OR下卡),监控,,诈骗类信息
1224,陕西,(身份正OR我筕OR申请)AND (透支OR0万OR卡OR额),监控,,诈骗类信息
1225,陕西,(投资OR困难OR解决)AND(证件OR张),监控,,违法类信息
1226,陕西,(了解OR对手OR复OR制)AND(掌握OR对方OR动),监控,,违法类信息
1227,陕西,(提供 OR 可知) AND (号 OR 卡 OR 谈话) AND (码 OR 张 OR 信息 OR 内容),监控,,违法类信息
1228,陕西,(品 OR 牌) AND (等 OR 名表 OR 名包) AND (品质 OR 信誉),监控,,违法类信息
1229,陕西,抵押OR担保OR借款OR放款,监控,,违法类信息
1230,陕西,(亲OR办OR刷)AND(100万OR咔),监控,,违法类信息
1232,陕西,转AND卡AND办好,监控,,违法类信息
1233,陕西,重點AND強化AND短期,监控,,违法类信息
1234,陕西,(杨春园OR可提)AND(陈OR秋),监控,,违法类信息
1235,陕西,(内蒙OR牌OR诚OR职)AND(长期OR印OR李洋),监控,,违法类信息
1236,陕西,(申办OR万OR电)AND(信用卡OR手续),监控,,诈骗类信息
1237,陕西,(电OR话OR号)AND(谈OR话)AND(短OR信),监控,,诈骗类信息
1238,陕西,(买OR喽OR户型)AND(地段OR东升OR价)AND(绝版OR渡假OR大礼),监控,,诈骗类信息
1239,陕西,海通证券 AND 提升 AND 股票 AND 天源迪科,监控,,广告类信息
1240,陕西,玲玲 AND 顶级狠货 AND 1501408551,监控,,诈骗类信息
1241,陕西,(还是把钱OR农OR打)AND(622OR621OR户),监控,,诈骗类信息
1242,陕西,(帮OR做OR爱人OR朋友OR领导)AND(电话OR号OR别)AND(可OR知OR内容OR消息),监控,,诈骗类信息
1243,陕西,出售 AND(X5 OR X6 OR Q5 OR Q7) AND (普拉多 OR K5 OR A6) AND 低价出售,监控,,诈骗类信息
1244,陕西,你 AND 偷 AND 拍,监控,,违法类信息
1245,陕西,总您 AND 我是北京大学 AND 王强 AND 邀请您,监控,,广告类信息
1246,陕西,(葡 OR 普) AND 京 AND (ld4488 OR X799),监控,,违法类信息
1247,陕西,金沙 AND 免费,监控,,广告类信息
1248,陕西,(资 OR 照 OR 章 OR 票) AND QQ,监控,,诈骗类信息
1249,陕西,(办 OR 证 OR 刻 OR 章) AND QQ,监控,,诈骗类信息
1250,陕西,(各种 OR 各类)AND (私货 OR 水货),监控,,违法类信息
1251,陕西,(缺钱 OR 5万-70万) AND (解决 OR 不收费),监控,,诈骗类信息
1252,陕西,(新春OR钜献)AND(绝版OR三琚)AND(元OR平),监控,,广告类信息
1253,陕西,(【代】OR【开】),监控,,违法类信息
1254,陕西,(我 OR 加) AND (15638552188 OR 18681962857 OR 18303650333),监控,,诈骗类信息
1255,陕西,(抗日 OR 反日 OR 钓鱼岛) AND 日货,监控,,政治类信息
1256,陕西,(奧 OR 澳) AND (冂 OR 門 OR 门) AND (妮 OR 斯) AND (人 OR 仁),监控,,违法类信息
1257,陕西,名 AND 包 AND (品 OR 原单),监控,,违法类信息
1258,陕西,佰盈 AND 可領 AND 信誉保障,监控,,违法类信息
1259,陕西,有 AND (大牌 OR 原单 OR 尾货) AND (薇 OR 号),监控,,违法类信息
1260,陕西,一年前 AND 拍下 AND 瞬间,监控,,违法类信息
1261,陕西,公 AND 幵 AND 伽,监控,,违法类信息
1262,陕西,脸 AND jtts12.cc,监控,,手机病毒类信息
1263,陕西,喜欢 AND PK AND 加威信,监控,,违法类信息
1265,陕西,【中国！新歌声】 AND 最佳观众 AND 获得,监控,,违法类信息
1266,陕西,(新OR戸OR侟OR仟)AND(可享OR次OR反)AND(生活愉快),监控,,违法类信息
1267,陕西,抵吉 AND 贷號 AND 贷號,监控,,政治类信息
1268,陕西,(得 OR 送 OR 仮) AND www.bb5,监控,,违法类信息
1269,陕西,(佰盈 OR 今)AND (w689.cc OR 075017.C0M),监控,,广告类信息
1270,陕西,传 AND 警 AND 记录,监控,,违法类信息
1271,陕西,商OR６２２２０８　２４０３　００１４　３２２４５OR李海鑫,监控,,违法类信息
1272,陕西,哪场球 AND 烦恼 AND 分享,监控,,违法类信息
1273,陕西,(受理 OR 办理) AND 信 AND (咔 OR 卡 )AND 王主任,监控,,违法类信息
1274,陕西,(449198.c0m OR Js1299.Cc) AND 首,监控,,广告类信息
1275,陕西,(册 OR 照) AND (al8.in OR ysqzk.com OR zfsyp.com OR zhaopianggj.com OR 103.42.29.41),监控,,手机病毒类信息
1276,陕西,恒生 AND 买涨 AND 买多,监控,,违法类信息
1277,陕西,(歡迎 OR 欢迎) AND (w658.cc OR w689.cc),监控,,违法类信息
1278,陕西,偸听 AND 電話 AND 了解 AND 全部,监控,,违法类信息
1279,陕西,(歡迎 OR 欢迎)AND hg590.cc,监控,,广告类信息
1280,陕西,(您 OR 得)AND hg530.cc,监控,,广告类信息
1281,陕西,008898.cc AND (冲 OR 送 OR 充),监控,,违法类信息
1282,陕西,04998.СС AND 给予,监控,,广告类信息
1283,陕西,送苹果 AND hg10770,监控,,违法类信息
1284,陕西,过得去 AND 自己做 AND 自己清楚,监控,,违法类信息
1285,陕西,贱 AND (家 OR xhpzk.com OR xhnwz.com OR wingge.net),监控,,手机病毒类信息
1286,陕西,(h666333.СОΜ OR h666333.com OR h666333.ｃｏｍ) AND 加入,监控,,违法类信息
1287,陕西,根据商业法42条 AND 现违约 AND 请依法还款,监控,,违法类信息
1288,陕西,噺鋪倞 AND 首沖 AND 惊喜,监控,,违法类信息
1289,陕西,想玩 AND 加威信 AND 百人群,监控,,违法类信息
1290,陕西,惠账单 AND 评估骗 AND 当地派出所,监控,,违法类信息
1291,陕西,多次催收拒不还款 AND 债务公司上门收取,监控,,违法类信息
1292,陕西,加入 AND (h666222.СОΜ OR h666222.com OR h666222.ｃｏｍ),监控,,违法类信息
1293,陕西,平安i AND 点前处理,监控,,违法类信息
1294,陕西,名下所 AND 平安普,监控,,违法类信息
1295,陕西,提供 AND 周德军 AND 再提供,监控,,违法类信息
1296,陕西,什么情况 AND 还款意愿 AND (风控部 OR 后果自行承担),监控,,违法类信息
1297,陕西,酬劳 AND 资薪 AND 结算 AND 会上网,监控,,广告类信息
1298,陕西,扣款失败 AND 不良征信,监控,,违法类信息
1299,陕西,转告 AND 恶意 AND 追究 AND 冻结,监控,,违法类信息
1300,陕西,(50686.СОΜ OR 50686.com OR 50686.ｃｏｍ) AND 游艺 AND 手表,监控,,广告类信息
1302,陕西,户籍公安局 AND 上门催收,监控,,违法类信息
1303,陕西,电话 AND 一切 AND 请,监控,,违法类信息
1304,陕西,我 AND 办张 AND 一百万,监控,,违法类信息
1305,陕西,您在 AND gt766.com AND 余额,监控,,违法类信息
1306,陕西,我 AND (办张 OR 一百万) AND (18761648531 OR 小苏),监控,,政治类信息
1307,陕西,(注册 OR 新会员) AND (首次 OR 存款 OR 676979.com),监控,,广告类信息
1308,陕西,(代理 OR 较大)AND (可透 OR 程 OR 简易) AND 一分钱,监控,,违法类信息
1309,陕西,使用 AND 免费电话 AND 不耗流量,监控,,广告类信息
1310,陕西,从业会计 AND 可改 AND 通过,监控,,违法类信息
1311,陕西,m2959.C0M AND 送,监控,,广告类信息
1312,陕西,(异性 OR 同住) AND (别来 OR 再说),监控,,诈骗类信息
1313,陕西,这是 AND (影 OR 美好 OR 留) AND (藏 OR 请),监控,,违法类信息
1314,陕西,(信 OR 天可) AND (用 OR 拿) AND (咔 OR 主任),监控,,违法类信息
1315,陕西,(尊敬的用户 OR 供) AND (⒌⒋ OR ⒍⒋ OR 工具)AND(犭 OR 昔),监控,,广告类信息
1316,陕西,天空 AND 巨响 AND 钱 AND 首选,监控,,广告类信息
1317,陕西,亚 AND 大 AND (com OR c) AND 讯,监控,,广告类信息
1318,陕西,得 AND 金 AND (反 OR 返),监控,,违法类信息
1319,陕西,(得 OR 送 OR 仮)AND (dh3333.㏄ OR hg530.cc),监控,,广告类信息
1320,陕西,拯救 AND 登入 AND 领取,监控,,违法类信息
1321,陕西,知晓 AND 电话 AND 隐私,监控,,违法类信息
1322,陕西,622848 AND 王丽 OR 刘可,监控,,诈骗类信息
1323,陕西,爱馬士 AND 香奈儿 AND LV,监控,,广告类信息
1324,陕西,整理 AND 有空 AND 看看,监控,,广告类信息
1325,陕西,易信 AND 聊天 AND 免费打电话,监控,,广告类信息
1326,陕西,软中 AND 硬中 AND 口感快递,监控,,违法类信息
1327,陕西,斗地主 AND 一起 AND 拿奖,监控,,广告类信息
1328,陕西,犯校规 AND 处分 AND 【政挍处】,监控,,违法类信息
1329,陕西,(领本 OR 凭) AND (体 OR 票号) AND (金码 OR 人),监控,,违法类信息
1330,陕西,(办 OR 证 )AND 刻 AND 章 AND QQ,监控,,违法类信息
1331,陕西,49933 AND CC AND 获,监控,,违法类信息
1332,陕西,做一张 AND 号 AND 清清楚楚,监控,,诈骗类信息
1333,陕西,44178 AND cc,监控,,广告类信息
1334,陕西,营造 AND 火速 AND 交易 AND 首选,监控,,违法类信息
1335,陕西,办理 AND 信用佧 AND 5-1OO,监控,,违法类信息
1336,陕西,778466 AND 天天返利 AND 代理,监控,,广告类信息
1337,陕西,(微会 OR 免费) AND 电话 AND 免费 AND http:,监控,,广告类信息
1338,陕西,办 AND W的 AND (佧 OR 卡),监控,,违法类信息
1339,陕西,亲朋好友 AND 看看 AND 认识,监控,,手机病毒类信息
1340,陕西,０３９９ AND 先賭为快,监控,,广告类信息
1341,陕西,以前 AND 样子 AND 保存 AND 看看,监控,,手机病毒类信息
1342,陕西,帝豪余乐诚 AND 享不尽 AND COM,监控,,广告类信息
1343,陕西,每月 AND 100美元 AND 机会,监控,,广告类信息
1344,陕西,曾经 AND 面前 AND 赚,监控,,违法类信息
1345,陕西,李 AND 洋 AND 做 AND 牌,监控,,广告类信息
1346,陕西,10010 AND m8,监控,,广告类信息
1347,陕西,宵 AND 一 AND 玛,监控,,违法类信息
1348,陕西,欢迎 AND 眞人 AND 等,监控,,违法类信息
1349,陕西,会計 AND 伽吩 AND 2851043651,监控,,违法类信息
1350,陕西,获取 AND 通话 AND 消息 AND 微信,监控,,违法类信息
1351,陕西,您得到 AND (淘宝 OR 淘寳) AND (数为 OR 数字),监控,,违法类信息
1352,陕西,22809.CC AND 送68,监控,,广告类信息
1353,陕西,85670.cc AND 68,监控,,广告类信息
1354,陕西,22809.CC AND ６８,监控,,广告类信息
1355,陕西,加 AND 信 AND (V OR 薇 OR 微),监控,,涉黄类信息
1356,陕西,银 AND 河 AND 娱 AND 城,监控,,违法类信息
1357,陕西,您得到 AND (淘宝 OR 将得) AND (詳登 OR 领取),监控,,违法类信息
1358,陕西,农 AND (唐静 OR 王敏宣),监控,,诈骗类信息
1359,陕西,现有 AND 霸道 AND 陆虎 AND (CC OR A6 OR Q5),监控,,违法类信息
1360,陕西,现有 AND 霸道 AND 陆虎 AND 斯巴鲁,监控,,违法类信息
1361,陕西,(L OR 香 OR 奈 OR 爱) AND (V OR 奈 OR 马) AND 名,监控,,广告类信息
1362,陕西,晚 AND 吃 AND (am55168 OR 微),监控,,诈骗类信息
1363,陕西,环境好 AND 帝式服务 AND 小财,监控,,违法类信息
1364,陕西,我们 AND aoau1.cc/cv,监控,,违法类信息
1365,陕西,淘-宝 AND 送 AND 详,监控,,诈骗类信息
1366,陕西,普 AND 抵通 AND 扣,监控,,违法类信息
1367,陕西,淘宝 AND ttxdpp.com,监控,,诈骗类信息
1368,陕西,支付宝转 AND ayt414@163.com,监控,,诈骗类信息
1369,陕西,薪埔亰 AND k26666.coм,监控,,违法类信息
1370,陕西,淘宝 AND (码 OR 数),监控,,违法类信息
1371,陕西,中国好声音 AND (码 OR 数),监控,,诈骗类信息
1372,陕西,7662888.com AND 156888.com,监控,,违法类信息
1373,陕西,来至新年 AND R4bP0i9,监控,,违法类信息
1374,陕西,蛮漂亮的 AND dwz.cn,监控,,违法类信息
1375,陕西,(新 OR 信) AND 微 AND (18303650333 OR 18538178767 OR 18681962857),监控,,违法类信息
1376,陕西,驾校 AND 代考 AND 咨询,监控,,违法类信息
1377,陕西,快乐 AND 5160,监控,,违法类信息
1378,陕西,名@表 AND 皮@带 AND 衣@服,监控,,违法类信息
1379,陕西,(一线 OR 厂家) AND 名 AND 柜,监控,,违法类信息
1380,陕西,(假正 OR 假证) AND (weixin OR 微信 OR wei信),监控,,违法类信息
1381,陕西,(weixin OR 微信 OR wei信) AND csp8890,监控,,违法类信息
1382,陕西,(手游 OR 足) AND 球 AND (366889.сс OR 366889.cc),监控,,违法类信息
1383,陕西,足@球 AND 【来：366889.сс】,监控,,违法类信息
1384,陕西,白金信用卡 AND 下卡快 AND 李经理,监控,,违法类信息
1385,陕西,拍摄处罚 AND guo.kr,监控,,违法类信息
1386,陕西,请 AND 我 AND pp18787,监控,,违法类信息
1387,陕西,威 AND 斯 AND 汀 AND 353.com,监控,,违法类信息
1388,陕西,处理 AND tfacto.tk,监控,,诈骗类信息
1389,陕西,奔跑 AND 兄弟 AND vdfss.cc,监控,,诈骗类信息
1390,陕西,(传开 OR 違章) AND (dwz.cn),监控,,诈骗类信息
1391,陕西,(580038.com OR m.v55.cm) AND 玩,监控,,违法类信息
1392,陕西,狮 AND (返 OR 仮 ) AND 子,监控,,违法类信息
1394,陕西,宵 AND 涟 AND 跏,监控,,违法类信息
1395,陕西,(孩子 OR 资料) AND dwz.cn,监控,,手机病毒类信息
1396,陕西,香 AND 奈 AND (质量 OR 品牌),监控,,违法类信息
1397,陕西,进 AND (67320.CC OR 67320.Cc),监控,,违法类信息
1398,陕西,dwz.cn AND (2vYIsB OR 2wmCge),监控,,手机病毒类信息
1399,陕西,摇号 AND 获,监控,,诈骗类信息
1400,陕西,网上 AND guo.kr,监控,,手机病毒类信息
1401,陕西,(网投 OR 获 OR 得) AND (3167⒋СС OR 3167⒋cc),监控,,违法类信息
1402,陕西,信 AND 伽 AND 我,监控,,违法类信息
1403,陕西,188 AND 票 AND 938568,监控,,违法类信息
1404,陕西,菇凉 AND 加,监控,,涉黄类信息
1405,陕西,视屏 AND 6du.in,监控,,违法类信息
1406,陕西,亚洲 AND 网上平台 AND 活動中 AND 回氺,监控,,违法类信息
1407,陕西,dwz.cn AND 2xxJtW,监控,,违法类信息
1408,陕西,拍摄 AND dwz.hk,监控,,手机病毒类信息
1409,陕西,(永 OR 宫) AND 得 AND 30ylhg.cc,监控,,违法类信息
1410,陕西,不堪入目 AND guo.kr,监控,,手机病毒类信息
1411,陕西,(龌龊 OR 出轨 OR 事) AND (dwz.hk OR guo.kr OR qqurl.com),监控,,手机病毒类信息
1412,陕西,(958002.com OR com228903.com) AND (送 OR 得),监控,,违法类信息
1413,陕西,(187066.cом OR 50686.ＣＯＭ OR 50686.cом OR 50686.ｃｏｍ) AND (斿戏 OR 游戏),监控,,违法类信息
1414,陕西,美高 AND 959.tw,监控,,违法类信息
1415,陕西,交管 AND qqurl.com,监控,,诈骗类信息
1416,陕西,包 AND 表 AND 信,监控,,违法类信息
1417,陕西,(世界名牌 OR 微信 OR 薇信) AND 名包 AND 名表,监控,,广告类信息
1418,陕西,厂价直销 AND 奢侈品,监控,,违法类信息
1419,陕西,证据 AND 清楚 AND guo.kr,监控,,违法类信息
1420,陕西,这是 AND 相聚 AND 拍,监控,,违法类信息
1421,陕西,菁菁邀请 AND 加微号 AND 看相冊,监控,,违法类信息
1422,陕西,谁 AND 你 AND 脸,监控,,手机病毒类信息
1423,陕西,人太多 AND 恭候 AND 103.42.31.131,监控,,违法类信息
1425,陕西,★置信往★ AND 三百鎹三百,监控,,违法类信息
1426,陕西,您好 AND 手续 AND 学 AND 执,监控,,违法类信息
1427,陕西,(rtvtu.com OR jtyuderj.pw) AND 下载,监控,,手机病毒类信息
1428,陕西,到 AND 2580066.C0M AND 查,监控,,违法类信息
1429,陕西,【卡门】 AND 可获100,监控,,违法类信息
1430,陕西,2016 AND 欧冠 AND hg511111,监控,,违法类信息
1431,陕西,048# AND 【买什嘛】 AND 660738,监控,,违法类信息
1432,陕西,高梅会员 AND 390566 AND 堵场,监控,,违法类信息
1433,陕西,想 AND 自己 AND 吗 AND 帮你,监控,,诈骗类信息
1434,陕西,【xpj44345.com】 AND 1000派1000,监控,,违法类信息
1435,陕西,包包 AND 手表 AND 3109313376,监控,,诈骗类信息
1436,陕西,已，更，新 AND 603558,监控,,违法类信息
1437,陕西,今晚 AND (虎龙马猴 OR 牛蛇鸡猪 OR 牛兔猪) AND 每粒攻,监控,,违法类信息
1438,陕西,手 AND 汪 AND (资 OR 职),监控,,违法类信息
1439,陕西,做 AND 印 AND 职,监控,,违法类信息
1440,陕西,牌号 AND 机动车 AND 查询违章,监控,,违法类信息
1441,陕西,提 AND 已 AND 筘,监控,,违法类信息
1442,陕西,您好 AND 简历 AND 一小時150元,监控,,违法类信息
1443,陕西,印 AND 资 AND 鑫,监控,,违法类信息
1444,陕西,【x5858.cc】 AND 尊享 AND 五备,监控,,违法类信息
1445,陕西,性生活 AND 出轨 AND 短片,监控,,违法类信息
1446,陕西,提交 AND 在家 AND 结算,监控,,违法类信息
1447,陕西,薪酬 AND 当天结算 AND 上网即可,监控,,违法类信息
1448,陕西,体采 AND 排列五 AND www.50686,监控,,违法类信息
1449,陕西,皇冠 AND hg10770,监控,,违法类信息
1450,陕西,網站 AND 赔率 AND 提款,监控,,违法类信息
1451,陕西,提交 AND 薪酬 AND 不限,监控,,广告类信息
1452,陕西,擒获涨停 AND 推出 AND 牛股,监控,,违法类信息
1453,陕西,官网 AND bb5656.com,监控,,违法类信息
1454,陕西,域名 AND М2959.C0M,监控,,广告类信息
1455,陕西,亚洲 AND (50686.сом OR hg10770.сом),监控,,违法类信息
1456,陕西,99808.cc AND (冲 OR 送 OR 充 OR 反),监控,,广告类信息
1457,陕西,仮 AND 075017.C0M,监控,,违法类信息
1458,陕西,js1959 AND 1o0o AND 六合,监控,,违法类信息
1459,陕西,印象 AND 认识 AND 过,监控,,涉黄类信息
1460,陕西,变故 AND 报答 AND 我,监控,,违法类信息
1461,陕西,整理 AND 往事 AND 照,监控,,广告类信息
1462,陕西,580038.com AND m.v55.cm,监控,,违法类信息
1463,陕西,长度 AND 硬度 AND 加,监控,,广告类信息
1464,陕西,葵力果 AND 加薇信 AND 198元试用,监控,,违法类信息
1465,陕西,泰姬 AND 637789.wang,监控,,广告类信息
1466,陕西,触宝 AND 免费 AND 用,监控,,广告类信息
1467,陕西,(亚 OR 票) AND (娛 OR 级),监控,,违法类信息
1468,陕西,【扣-扣裙】 AND 免銭,监控,,违法类信息
1469,陕西,已 AND 准 AND (Q OR 扣) AND 裙,监控,,违法类信息
1470,陕西,社 AND 保 AND 注 AND 详,监控,,诈骗类信息
1471,陕西,这是 AND 整理 AND 纪念,监控,,违法类信息
1472,陕西,农OR王慧,监控,,违法类信息
1473,陕西,新 AND 威 AND 信,监控,,违法类信息
1474,陕西,【江苏交警】 AND 【拟记3分】 AND 忽略,监控,,违法类信息
